id,success,k1,step,video_name,image_num,image_path
0,1,0,In a very large bowl  whisk together 12 cups (1.5 kg) of flour  1⁄2 cup (100 g) of sugar  and 2 teaspoons of salt.,/mnt/e/TastyFrames/100-layer-giant-crepe-cake,00236,/mnt/e/TastyFrames/100-layer-giant-crepe-cake/frames/00236.jpg
1,1,1,Create a well in the center and add 24 eggs.,/mnt/e/TastyFrames/100-layer-giant-crepe-cake,00453,/mnt/e/TastyFrames/100-layer-giant-crepe-cake/frames/00453.jpg
2,0,352,Stir together vigorously with a large wooden spoon until combined.,/mnt/e/TastyFrames/100-layer-giant-crepe-cake,00586,/mnt/e/TastyFrames/100-layer-giant-crepe-cake/frames/00586.jpg
3,0,6,Add 1 cup (240 ml) of milk and continue to stir vigorously until combined.,/mnt/e/TastyFrames/100-layer-giant-crepe-cake,00791,/mnt/e/TastyFrames/100-layer-giant-crepe-cake/frames/00791.jpg
4,1,4,Add 11⁄2 cups (345 g) of the melted butter.,/mnt/e/TastyFrames/100-layer-giant-crepe-cake,00941,/mnt/e/TastyFrames/100-layer-giant-crepe-cake/frames/00941.jpg
5,0,244,Stir until combined.,/mnt/e/TastyFrames/100-layer-giant-crepe-cake,01013,/mnt/e/TastyFrames/100-layer-giant-crepe-cake/frames/01013.jpg
6,1,6,Gradually add 14 more cups (3.3 l) of milk to the batter  stirring well after each addition.,/mnt/e/TastyFrames/100-layer-giant-crepe-cake,01128,/mnt/e/TastyFrames/100-layer-giant-crepe-cake/frames/01128.jpg
7,1,7,Once the batter has loosened a bit  switch from the wooden spoon to a heavy duty whisk.,/mnt/e/TastyFrames/100-layer-giant-crepe-cake,01213,/mnt/e/TastyFrames/100-layer-giant-crepe-cake/frames/01213.jpg
8,0,7,Whisk vigorously to remove any clumps.,/mnt/e/TastyFrames/100-layer-giant-crepe-cake,01283,/mnt/e/TastyFrames/100-layer-giant-crepe-cake/frames/01283.jpg
9,0,7,Once the milk is incorporated and there are no more lumps  whisk in 1 cup (240 ml) of water and 2 tablespoons of vanilla.,/mnt/e/TastyFrames/100-layer-giant-crepe-cake,01471,/mnt/e/TastyFrames/100-layer-giant-crepe-cake/frames/01471.jpg
10,0,20,Repeat steps 1-7 to prepare the second batch of batter.,/mnt/e/TastyFrames/100-layer-giant-crepe-cake,01643,/mnt/e/TastyFrames/100-layer-giant-crepe-cake/frames/01643.jpg
11,0,12,Pour 1⁄2 cup (120 ml) of batter onto the heated griddle and swirl evenly to coat.,/mnt/e/TastyFrames/100-layer-giant-crepe-cake,01858,/mnt/e/TastyFrames/100-layer-giant-crepe-cake/frames/01858.jpg
12,1,12,Cook for approximately 2 minutes  until the crepe begins to lightly brown on the bottom.,/mnt/e/TastyFrames/100-layer-giant-crepe-cake,02053,/mnt/e/TastyFrames/100-layer-giant-crepe-cake/frames/02053.jpg
13,0,12,Flip the crepe and cook for another minute on the other side.,/mnt/e/TastyFrames/100-layer-giant-crepe-cake,02123,/mnt/e/TastyFrames/100-layer-giant-crepe-cake/frames/02123.jpg
14,0,199,Remove from the pan and set aside to cool.,/mnt/e/TastyFrames/100-layer-giant-crepe-cake,02201,/mnt/e/TastyFrames/100-layer-giant-crepe-cake/frames/02201.jpg
15,1,15,Repeat 99 more times.,/mnt/e/TastyFrames/100-layer-giant-crepe-cake,02303,/mnt/e/TastyFrames/100-layer-giant-crepe-cake/frames/02303.jpg
16,0,31,Place the completed crepes in stacks of 10 and store  covered  in the fridge until ready to assemble the cake.,/mnt/e/TastyFrames/100-layer-giant-crepe-cake,02411,/mnt/e/TastyFrames/100-layer-giant-crepe-cake/frames/02411.jpg
17,0,351,Make the vanilla pastry cream: In a large stock pot set over medium heat  add the egg_yolks  milk  cream  sugar  salt  and cornstarch.,/mnt/e/TastyFrames/100-layer-giant-crepe-cake,02563,/mnt/e/TastyFrames/100-layer-giant-crepe-cake/frames/02563.jpg
18,0,7,Whisk vigorously to combine.,/mnt/e/TastyFrames/100-layer-giant-crepe-cake,02733,/mnt/e/TastyFrames/100-layer-giant-crepe-cake/frames/02733.jpg
19,0,7,Whisk constantly until the mixture thickens significantly and bubbles just begin to burst on the surface.,/mnt/e/TastyFrames/100-layer-giant-crepe-cake,02841,/mnt/e/TastyFrames/100-layer-giant-crepe-cake/frames/02841.jpg
20,1,20,Remove the pot from the heat and add the butter and vanilla.,/mnt/e/TastyFrames/100-layer-giant-crepe-cake,03083,/mnt/e/TastyFrames/100-layer-giant-crepe-cake/frames/03083.jpg
21,1,21,Repeat to make the other flavors of pastry cream.,/mnt/e/TastyFrames/100-layer-giant-crepe-cake,03288,/mnt/e/TastyFrames/100-layer-giant-crepe-cake/frames/03288.jpg
22,0,194,Pour the cream onto a baking sheet lined with plastic wrap.,/mnt/e/TastyFrames/100-layer-giant-crepe-cake,03451,/mnt/e/TastyFrames/100-layer-giant-crepe-cake/frames/03451.jpg
23,0,278,Immediately place in the fridge to cool and set  overnight.,/mnt/e/TastyFrames/100-layer-giant-crepe-cake,03543,/mnt/e/TastyFrames/100-layer-giant-crepe-cake/frames/03543.jpg
24,0,13,To assemble the crepe cake  place 1 crepe on a large cutting board or baking sheet (you will need to be able to transfer the cake to and from the freezer).,/mnt/e/TastyFrames/100-layer-giant-crepe-cake,03611,/mnt/e/TastyFrames/100-layer-giant-crepe-cake/frames/03611.jpg
25,0,12,Place another crepe directly on top and spread with more pastry cream.,/mnt/e/TastyFrames/100-layer-giant-crepe-cake,03841,/mnt/e/TastyFrames/100-layer-giant-crepe-cake/frames/03841.jpg
26,1,26,Repeat until you have 25 crepes stacked with the first filling.,/mnt/e/TastyFrames/100-layer-giant-crepe-cake,03928,/mnt/e/TastyFrames/100-layer-giant-crepe-cake/frames/03928.jpg
27,0,92,Transfer the assembled cake to the freezer to chill for 15 minutes between flavors.,/mnt/e/TastyFrames/100-layer-giant-crepe-cake,04011,/mnt/e/TastyFrames/100-layer-giant-crepe-cake/frames/04011.jpg
28,0,26,Repeat with each flavor of pastry cream  layering 25 crepes with each flavor filling.,/mnt/e/TastyFrames/100-layer-giant-crepe-cake,04298,/mnt/e/TastyFrames/100-layer-giant-crepe-cake/frames/04298.jpg
29,0,442,Once assembled  freeze the cake for 30 minutes to set and firm up.,/mnt/e/TastyFrames/100-layer-giant-crepe-cake,04586,/mnt/e/TastyFrames/100-layer-giant-crepe-cake/frames/04586.jpg
30,1,30,Dust the top with powdered_sugar  then slice and serve.,/mnt/e/TastyFrames/100-layer-giant-crepe-cake,04913,/mnt/e/TastyFrames/100-layer-giant-crepe-cake/frames/04913.jpg
31,1,31,Sticking a wooden dowel into each slice will help the cake keep its shape.,/mnt/e/TastyFrames/100-layer-giant-crepe-cake,05041,/mnt/e/TastyFrames/100-layer-giant-crepe-cake/frames/05041.jpg
32,0,36,Lay down about 6 feet (1.8 meters) of tinfoil on a flat surface.,/mnt/e/TastyFrames/100-layer-lasagna,00113,/mnt/e/TastyFrames/100-layer-lasagna/frames/00113.jpg
33,1,33,Place place 4 clusters of 2 lasagna_noodles towards the left half of the foil sheet  leaving about a 1⁄2-inch (1 cm) gap in between each cluster.,/mnt/e/TastyFrames/100-layer-lasagna,00213,/mnt/e/TastyFrames/100-layer-lasagna/frames/00213.jpg
34,0,52,Fold the right half of foil over the noodles  pressing flat.,/mnt/e/TastyFrames/100-layer-lasagna,00298,/mnt/e/TastyFrames/100-layer-lasagna/frames/00298.jpg
35,0,52,To help you see where the noodles are  run your finger along the edges of the noodles to create a rough outline in the foil.,/mnt/e/TastyFrames/100-layer-lasagna,00403,/mnt/e/TastyFrames/100-layer-lasagna/frames/00403.jpg
36,0,34,Fold the top and bottom flaps of foil over  creasing and pressing flat.,/mnt/e/TastyFrames/100-layer-lasagna,00491,/mnt/e/TastyFrames/100-layer-lasagna/frames/00491.jpg
37,0,33,Flip the foil sheet onto the table so that it’s now standing  then arrange into a square box  using the 4 groups of noodles as a visual guide.,/mnt/e/TastyFrames/100-layer-lasagna,00538,/mnt/e/TastyFrames/100-layer-lasagna/frames/00538.jpg
38,0,20,In a large pot  melt the butter over medium heat.,/mnt/e/TastyFrames/100-layer-lasagna,00613,/mnt/e/TastyFrames/100-layer-lasagna/frames/00613.jpg
39,1,39,Whisk in the flour  cooking until the mixture reaches a light golden color.,/mnt/e/TastyFrames/100-layer-lasagna,00721,/mnt/e/TastyFrames/100-layer-lasagna/frames/00721.jpg
40,1,40,Slowly drizzle in the milk and bring to a boil  whisking constantly until smooth.,/mnt/e/TastyFrames/100-layer-lasagna,00868,/mnt/e/TastyFrames/100-layer-lasagna/frames/00868.jpg
41,0,60,Mix in salt  pepper  and nutmeg.,/mnt/e/TastyFrames/100-layer-lasagna,00986,/mnt/e/TastyFrames/100-layer-lasagna/frames/00986.jpg
42,0,62,Bring to a boil.,/mnt/e/TastyFrames/100-layer-lasagna,01063,/mnt/e/TastyFrames/100-layer-lasagna/frames/01063.jpg
43,0,62,Heat oil in a very large pot over high heat.,/mnt/e/TastyFrames/100-layer-lasagna,01126,/mnt/e/TastyFrames/100-layer-lasagna/frames/01126.jpg
44,0,220,Once the oil begins to shimmer  add the onions  carrots  and celery and cook until the vegetables have started to sweat but aren’t browning.,/mnt/e/TastyFrames/100-layer-lasagna,01211,/mnt/e/TastyFrames/100-layer-lasagna/frames/01211.jpg
45,0,398,Add in the ground_beef and use a wooden spoon or spatula to break up the meat into small pieces.,/mnt/e/TastyFrames/100-layer-lasagna,01341,/mnt/e/TastyFrames/100-layer-lasagna/frames/01341.jpg
46,0,422,Add in the tomato_sauce  tomato_paste  chicken_stock  salt  and pepper  stirring to combine evenly and breaking up any last lumps.,/mnt/e/TastyFrames/100-layer-lasagna,01593,/mnt/e/TastyFrames/100-layer-lasagna/frames/01593.jpg
47,0,245,Turn down the heat to low  and simmer  covered  for about 2 hours.,/mnt/e/TastyFrames/100-layer-lasagna,01876,/mnt/e/TastyFrames/100-layer-lasagna/frames/01876.jpg
48,1,48,To assemble  line a greased 9x9-inch (23x23-cm) square baking pan with 2 sheets of foil that extend over the sides.,/mnt/e/TastyFrames/100-layer-lasagna,02031,/mnt/e/TastyFrames/100-layer-lasagna/frames/02031.jpg
49,0,292,Spread a thin layer of béchamel on the lined baking pan and top with 2 lasagna_noodles.,/mnt/e/TastyFrames/100-layer-lasagna,02151,/mnt/e/TastyFrames/100-layer-lasagna/frames/02151.jpg
50,0,51,Spread a thin layer of meat sauce evenly across the noodles  followed by a thin layer of béchamel.,/mnt/e/TastyFrames/100-layer-lasagna,02291,/mnt/e/TastyFrames/100-layer-lasagna/frames/02291.jpg
51,0,209,Repeat the layering process  following the order of: 2 noodles  meat sauce  and béchamel.,/mnt/e/TastyFrames/100-layer-lasagna,02551,/mnt/e/TastyFrames/100-layer-lasagna/frames/02551.jpg
52,1,52,After 50 layers  place the foil box over the lasagna  helping it stay upright and stable.,/mnt/e/TastyFrames/100-layer-lasagna,02783,/mnt/e/TastyFrames/100-layer-lasagna/frames/02783.jpg
53,0,197,Continue with the layering process until the 99th layer.,/mnt/e/TastyFrames/100-layer-lasagna,03056,/mnt/e/TastyFrames/100-layer-lasagna/frames/03056.jpg
54,0,52,Sprinkle Parmesan on top  then cover the whole lasagna with foil.,/mnt/e/TastyFrames/100-layer-lasagna,03438,/mnt/e/TastyFrames/100-layer-lasagna/frames/03438.jpg
55,0,52,Bake for about 11⁄2 hours  uncovering the foil halfway  until the top is a deep golden brown.,/mnt/e/TastyFrames/100-layer-lasagna,03638,/mnt/e/TastyFrames/100-layer-lasagna/frames/03638.jpg
56,0,52,Cool for at least 2 hours  then carefully lift out the lasagna with the foil sleeves onto a large cutting board.,/mnt/e/TastyFrames/100-layer-lasagna,03693,/mnt/e/TastyFrames/100-layer-lasagna/frames/03693.jpg
57,0,52,Peel away the foil walls  then sprinkle the top of the lasagna generously with chives.,/mnt/e/TastyFrames/100-layer-lasagna,03816,/mnt/e/TastyFrames/100-layer-lasagna/frames/03816.jpg
58,0,322,Beat the eggs into the buttermilk.,/mnt/e/TastyFrames/11-herbs-and-spices-fried-chicken,00091,/mnt/e/TastyFrames/11-herbs-and-spices-fried-chicken/frames/00091.jpg
59,1,59,Add the chicken pieces to the buttermilk mixture and chill for an hour.,/mnt/e/TastyFrames/11-herbs-and-spices-fried-chicken,00198,/mnt/e/TastyFrames/11-herbs-and-spices-fried-chicken/frames/00198.jpg
60,1,60,In a large mixing bowl  mix the flour with all the herbs and spices.,/mnt/e/TastyFrames/11-herbs-and-spices-fried-chicken,00421,/mnt/e/TastyFrames/11-herbs-and-spices-fried-chicken/frames/00421.jpg
61,0,60,Coat the soaked chicken pieces in the herbed flour mixture  shaking off any excess.,/mnt/e/TastyFrames/11-herbs-and-spices-fried-chicken,00636,/mnt/e/TastyFrames/11-herbs-and-spices-fried-chicken/frames/00636.jpg
62,0,63,Fry the chicken in batches for 15 minutes until the chicken is cooked and the skins turn golden brown.,/mnt/e/TastyFrames/11-herbs-and-spices-fried-chicken,00791,/mnt/e/TastyFrames/11-herbs-and-spices-fried-chicken/frames/00791.jpg
63,0,402,Transfer to a paper towel-lined plate.,/mnt/e/TastyFrames/11-herbs-and-spices-fried-chicken,00908,/mnt/e/TastyFrames/11-herbs-and-spices-fried-chicken/frames/00908.jpg
64,1,64,Make the pesto: In a food processor  combine the basil  garlic  pine_nuts  and olive_oil.,/mnt/e/TastyFrames/12-layer-turkey-pesto-panini-bread-bowl,00258,/mnt/e/TastyFrames/12-layer-turkey-pesto-panini-bread-bowl/frames/00258.jpg
65,0,335,Blend for 30 seconds  or until thick and saucy.,/mnt/e/TastyFrames/12-layer-turkey-pesto-panini-bread-bowl,00368,/mnt/e/TastyFrames/12-layer-turkey-pesto-panini-bread-bowl/frames/00368.jpg
66,0,228,Add the Parmesan and salt and blend for another 30 seconds  or until thoroughly combined.,/mnt/e/TastyFrames/12-layer-turkey-pesto-panini-bread-bowl,00493,/mnt/e/TastyFrames/12-layer-turkey-pesto-panini-bread-bowl/frames/00493.jpg
67,0,68,Cut the top off the loaf of bread.,/mnt/e/TastyFrames/12-layer-turkey-pesto-panini-bread-bowl,00623,/mnt/e/TastyFrames/12-layer-turkey-pesto-panini-bread-bowl/frames/00623.jpg
68,1,68,Use a serrated knife to cut a circle in the center of the bread  then use a large spoon to scoop out the inside.,/mnt/e/TastyFrames/12-layer-turkey-pesto-panini-bread-bowl,00771,/mnt/e/TastyFrames/12-layer-turkey-pesto-panini-bread-bowl/frames/00771.jpg
69,0,250,Try to keep bread in one piece.,/mnt/e/TastyFrames/12-layer-turkey-pesto-panini-bread-bowl,00873,/mnt/e/TastyFrames/12-layer-turkey-pesto-panini-bread-bowl/frames/00873.jpg
70,1,70,Use a rolling pin to roll the excess bread into one flat piece of bread.,/mnt/e/TastyFrames/12-layer-turkey-pesto-panini-bread-bowl,00946,/mnt/e/TastyFrames/12-layer-turkey-pesto-panini-bread-bowl/frames/00946.jpg
71,0,4,Spread melted butter on both side of the rolled out bread and bake for 10 minutes  or until golden brown.,/mnt/e/TastyFrames/12-layer-turkey-pesto-panini-bread-bowl,01078,/mnt/e/TastyFrames/12-layer-turkey-pesto-panini-bread-bowl/frames/01078.jpg
72,0,75,Remove the toasted bread from the oven.,/mnt/e/TastyFrames/12-layer-turkey-pesto-panini-bread-bowl,01161,/mnt/e/TastyFrames/12-layer-turkey-pesto-panini-bread-bowl/frames/01161.jpg
73,0,76,Assemble the sandwich: Place bread bowl in an oven-safe pan.,/mnt/e/TastyFrames/12-layer-turkey-pesto-panini-bread-bowl,01183,/mnt/e/TastyFrames/12-layer-turkey-pesto-panini-bread-bowl/frames/01183.jpg
74,1,74,Spread pesto on the bottom of the inside of the bread bowl  then layer in half of the mozzarella slices  4 slices of tomatoes  5 slices of turkey  and 4 chopped slices of bacon.,/mnt/e/TastyFrames/12-layer-turkey-pesto-panini-bread-bowl,01338,/mnt/e/TastyFrames/12-layer-turkey-pesto-panini-bread-bowl/frames/01338.jpg
75,0,416,Top with the toasted bread and brush with pesto.,/mnt/e/TastyFrames/12-layer-turkey-pesto-panini-bread-bowl,01501,/mnt/e/TastyFrames/12-layer-turkey-pesto-panini-bread-bowl/frames/01501.jpg
76,0,416,Add the remaining bacon  turkey  tomato  and cheese.,/mnt/e/TastyFrames/12-layer-turkey-pesto-panini-bread-bowl,01546,/mnt/e/TastyFrames/12-layer-turkey-pesto-panini-bread-bowl/frames/01546.jpg
77,0,416,Finally  spread pesto on the bottom lid of the bread and over the cheese.,/mnt/e/TastyFrames/12-layer-turkey-pesto-panini-bread-bowl,01626,/mnt/e/TastyFrames/12-layer-turkey-pesto-panini-bread-bowl/frames/01626.jpg
78,1,78,Place the lid of bread on top of it and then press down with a heavy oven-safe pan.,/mnt/e/TastyFrames/12-layer-turkey-pesto-panini-bread-bowl,01698,/mnt/e/TastyFrames/12-layer-turkey-pesto-panini-bread-bowl/frames/01698.jpg
79,0,200,Bake for 20 minutes  or until golden brown.,/mnt/e/TastyFrames/12-layer-turkey-pesto-panini-bread-bowl,01778,/mnt/e/TastyFrames/12-layer-turkey-pesto-panini-bread-bowl/frames/01778.jpg
80,0,272,In a large heatproof bowl  pour the hot heavy_cream over the semisweet chocolate_chips.,/mnt/e/TastyFrames/16-layer-no-bake-smores-cake,00153,/mnt/e/TastyFrames/16-layer-no-bake-smores-cake/frames/00153.jpg
81,0,7,Let stand for 30 seconds  then whisk together for 1 minute  or until thick and smooth.,/mnt/e/TastyFrames/16-layer-no-bake-smores-cake,00256,/mnt/e/TastyFrames/16-layer-no-bake-smores-cake/frames/00256.jpg
82,1,82,Place 1 cup (85 g) of marshmallow fluff in a medium heatproof bowl and place the remaining fluff into a separate medium heatproof bowl.,/mnt/e/TastyFrames/16-layer-no-bake-smores-cake,00333,/mnt/e/TastyFrames/16-layer-no-bake-smores-cake/frames/00333.jpg
83,0,6,Add a tablespoon of milk to the bowl with 1 cup (85 g) of fluff and the remaining 2 tablespoons milk to the bowl with the remaining fluff.,/mnt/e/TastyFrames/16-layer-no-bake-smores-cake,00366,/mnt/e/TastyFrames/16-layer-no-bake-smores-cake/frames/00366.jpg
84,0,82,Microwave each bowl of fluff for 15 seconds.,/mnt/e/TastyFrames/16-layer-no-bake-smores-cake,00401,/mnt/e/TastyFrames/16-layer-no-bake-smores-cake/frames/00401.jpg
85,0,321,Remove the bowls from the microwave and use a fork to stir the milk into the fluff until it is thick and smooth.,/mnt/e/TastyFrames/16-layer-no-bake-smores-cake,00481,/mnt/e/TastyFrames/16-layer-no-bake-smores-cake/frames/00481.jpg
86,0,383,Cover the bowl with less fluff and store in the fridge – it will be used later for decoration.,/mnt/e/TastyFrames/16-layer-no-bake-smores-cake,00583,/mnt/e/TastyFrames/16-layer-no-bake-smores-cake/frames/00583.jpg
87,1,87,Line a 5x8-inch (13x20cm) loaf pan with parchment paper and place a row of graham_crackers on the bottom of the pan.,/mnt/e/TastyFrames/16-layer-no-bake-smores-cake,00703,/mnt/e/TastyFrames/16-layer-no-bake-smores-cake/frames/00703.jpg
88,0,386,Pour a thin layer of the marshmallow fluff over the graham_crackers and use a spoon or spatula to spread the mixture evenly.,/mnt/e/TastyFrames/16-layer-no-bake-smores-cake,00776,/mnt/e/TastyFrames/16-layer-no-bake-smores-cake/frames/00776.jpg
89,1,89,Place another row of graham_crackers on top of the fluff  then pour a thin layer of the chocolate ganache over the crackers and use a spoon or spatula to spread an even layer.,/mnt/e/TastyFrames/16-layer-no-bake-smores-cake,00906,/mnt/e/TastyFrames/16-layer-no-bake-smores-cake/frames/00906.jpg
90,0,15,Repeat three more times.,/mnt/e/TastyFrames/16-layer-no-bake-smores-cake,01016,/mnt/e/TastyFrames/16-layer-no-bake-smores-cake/frames/01016.jpg
91,1,91,Cover and chill in the fridge overnight.,/mnt/e/TastyFrames/16-layer-no-bake-smores-cake,01053,/mnt/e/TastyFrames/16-layer-no-bake-smores-cake/frames/01053.jpg
92,0,274,Use the parchment to lift the cake out of the loaf pan.,/mnt/e/TastyFrames/16-layer-no-bake-smores-cake,01171,/mnt/e/TastyFrames/16-layer-no-bake-smores-cake/frames/01171.jpg
93,0,203,Microwave the leftover marshmallow fluff mixture for 15 seconds  then use a spatula to spread the fluff over the cake in an even layer.,/mnt/e/TastyFrames/16-layer-no-bake-smores-cake,01348,/mnt/e/TastyFrames/16-layer-no-bake-smores-cake/frames/01348.jpg
94,0,283,Optional: use a small kitchen torch to gently toast the marshmallow topping.,/mnt/e/TastyFrames/16-layer-no-bake-smores-cake,01503,/mnt/e/TastyFrames/16-layer-no-bake-smores-cake/frames/01503.jpg
95,1,95,Sprinkle crumbled graham cracker and chocolate chunks over the top of the cake.,/mnt/e/TastyFrames/16-layer-no-bake-smores-cake,01666,/mnt/e/TastyFrames/16-layer-no-bake-smores-cake/frames/01666.jpg
96,1,96,Lightly flour a clean work surface.,/mnt/e/TastyFrames/18-inches-long-ham-and-cheese-swirl-croissant,00143,/mnt/e/TastyFrames/18-inches-long-ham-and-cheese-swirl-croissant/frames/00143.jpg
97,1,97,Flour a rolling pin and roll out each puff_pastry sheet to flatten the seams.,/mnt/e/TastyFrames/18-inches-long-ham-and-cheese-swirl-croissant,00271,/mnt/e/TastyFrames/18-inches-long-ham-and-cheese-swirl-croissant/frames/00271.jpg
98,0,289,Make a diagonal cut across the 2 bottom sheets of puff_pastry from the lower right corner to the midpoint on the left side of the lower left sheet.,/mnt/e/TastyFrames/18-inches-long-ham-and-cheese-swirl-croissant,00393,/mnt/e/TastyFrames/18-inches-long-ham-and-cheese-swirl-croissant/frames/00393.jpg
99,0,289,Make another diagonal cut across the 2 top sheets of puff_pastry from the upper right corner to the midpoint on the left side of the upper left sheet.,/mnt/e/TastyFrames/18-inches-long-ham-and-cheese-swirl-croissant,00428,/mnt/e/TastyFrames/18-inches-long-ham-and-cheese-swirl-croissant/frames/00428.jpg
100,1,100,Holding the bottom pieces together  rotate clockwise 180 ̊ and up  so that the left side of the bottom strip meets the left side of the lower middle strip.,/mnt/e/TastyFrames/18-inches-long-ham-and-cheese-swirl-croissant,00476,/mnt/e/TastyFrames/18-inches-long-ham-and-cheese-swirl-croissant/frames/00476.jpg
101,0,100,Holding the top pieces together  rotate counterclockwise 180 ̊ and down  so that the left side of the top strip meets the left side of the up middle strip.,/mnt/e/TastyFrames/18-inches-long-ham-and-cheese-swirl-croissant,00533,/mnt/e/TastyFrames/18-inches-long-ham-and-cheese-swirl-croissant/frames/00533.jpg
102,1,102,Seal the seams by brushing a bit of egg wash where the pieces of pastry meet  overlapping the pieces slightly  and pressing together.,/mnt/e/TastyFrames/18-inches-long-ham-and-cheese-swirl-croissant,00746,/mnt/e/TastyFrames/18-inches-long-ham-and-cheese-swirl-croissant/frames/00746.jpg
103,0,102,Arrange the cheese slices in a single layer across the lower portion of the triangle.,/mnt/e/TastyFrames/18-inches-long-ham-and-cheese-swirl-croissant,00963,/mnt/e/TastyFrames/18-inches-long-ham-and-cheese-swirl-croissant/frames/00963.jpg
104,0,28,Top with a single layer of ham slices.,/mnt/e/TastyFrames/18-inches-long-ham-and-cheese-swirl-croissant,01021,/mnt/e/TastyFrames/18-inches-long-ham-and-cheese-swirl-croissant/frames/01021.jpg
105,0,102,Roll up the puff_pastry from the base of the triangle to the top point.,/mnt/e/TastyFrames/18-inches-long-ham-and-cheese-swirl-croissant,01138,/mnt/e/TastyFrames/18-inches-long-ham-and-cheese-swirl-croissant/frames/01138.jpg
106,1,106,Place the croissant on the prepared baking sheet and cover with aluminum foil.,/mnt/e/TastyFrames/18-inches-long-ham-and-cheese-swirl-croissant,01303,/mnt/e/TastyFrames/18-inches-long-ham-and-cheese-swirl-croissant/frames/01303.jpg
107,0,293,Bake for 45 minutes,/mnt/e/TastyFrames/18-inches-long-ham-and-cheese-swirl-croissant,01398,/mnt/e/TastyFrames/18-inches-long-ham-and-cheese-swirl-croissant/frames/01398.jpg
108,1,108,Remove the croissant from the oven  take off the foil  and brush the croissant with egg wash.,/mnt/e/TastyFrames/18-inches-long-ham-and-cheese-swirl-croissant,01548,/mnt/e/TastyFrames/18-inches-long-ham-and-cheese-swirl-croissant/frames/01548.jpg
109,0,76,Bake for another 1 hour and 15 minutes  until the croissant is golden brown.,/mnt/e/TastyFrames/18-inches-long-ham-and-cheese-swirl-croissant,01696,/mnt/e/TastyFrames/18-inches-long-ham-and-cheese-swirl-croissant/frames/01696.jpg
110,0,198,Let cool for 20 minutes  then slice and serve.,/mnt/e/TastyFrames/18-inches-long-ham-and-cheese-swirl-croissant,01831,/mnt/e/TastyFrames/18-inches-long-ham-and-cheese-swirl-croissant/frames/01831.jpg
111,0,43,In a pot over medium heat  add the olive_oil and garlic.,/mnt/e/TastyFrames/2-1-2-hour-tomato-sauce,00044,/mnt/e/TastyFrames/2-1-2-hour-tomato-sauce/frames/00044.jpg
112,0,242,Cook for about 2 minutes or until fragrant  but not browned.,/mnt/e/TastyFrames/2-1-2-hour-tomato-sauce,00111,/mnt/e/TastyFrames/2-1-2-hour-tomato-sauce/frames/00111.jpg
113,1,113,Add the tomatoes with their juice  and crush with the back of a spoon.,/mnt/e/TastyFrames/2-1-2-hour-tomato-sauce,00258,/mnt/e/TastyFrames/2-1-2-hour-tomato-sauce/frames/00258.jpg
114,0,220,Add the onion and salt  and stir occasionally.,/mnt/e/TastyFrames/2-1-2-hour-tomato-sauce,00488,/mnt/e/TastyFrames/2-1-2-hour-tomato-sauce/frames/00488.jpg
115,0,244,Bring to a boil  then reduce to a simmer for an hour.,/mnt/e/TastyFrames/2-1-2-hour-tomato-sauce,00628,/mnt/e/TastyFrames/2-1-2-hour-tomato-sauce/frames/00628.jpg
116,0,419,Discard the garlic and onion  then puree to the desired consistency with a food mill or immersion blender.,/mnt/e/TastyFrames/2-1-2-hour-tomato-sauce,00848,/mnt/e/TastyFrames/2-1-2-hour-tomato-sauce/frames/00848.jpg
117,0,421,Transfer the sauce back to a pot and add the bay_leaf  dried_oregano  and dried_basil.,/mnt/e/TastyFrames/2-1-2-hour-tomato-sauce,01233,/mnt/e/TastyFrames/2-1-2-hour-tomato-sauce/frames/01233.jpg
118,0,422,Bring to a simmer for about 90 minutes or until the desired thickness.,/mnt/e/TastyFrames/2-1-2-hour-tomato-sauce,01461,/mnt/e/TastyFrames/2-1-2-hour-tomato-sauce/frames/01461.jpg
119,0,60,Discard the bay_leaf  add the fresh_basil and  to taste  salt  pepper  and sugar.,/mnt/e/TastyFrames/2-1-2-hour-tomato-sauce,01698,/mnt/e/TastyFrames/2-1-2-hour-tomato-sauce/frames/01698.jpg
120,0,86,Thinly slice the apple and place in a medium bowl with the water and lemon juice to prevent browning.,/mnt/e/TastyFrames/2-easy-make-ahead-school-lunches,00162,/mnt/e/TastyFrames/2-easy-make-ahead-school-lunches/frames/00162.jpg
121,1,121,Cut the cheese slices into thirds.,/mnt/e/TastyFrames/2-easy-make-ahead-school-lunches,00378,/mnt/e/TastyFrames/2-easy-make-ahead-school-lunches/frames/00378.jpg
122,1,122,Cut the bread slices into quarters.,/mnt/e/TastyFrames/2-easy-make-ahead-school-lunches,00496,/mnt/e/TastyFrames/2-easy-make-ahead-school-lunches/frames/00496.jpg
123,1,123,To quickly cut the tomatoes and grapes  place between the bottoms of two plates and slice horizontally.,/mnt/e/TastyFrames/2-easy-make-ahead-school-lunches,00751,/mnt/e/TastyFrames/2-easy-make-ahead-school-lunches/frames/00751.jpg
124,1,124,Lay out 4 slices of turkey_breast.,/mnt/e/TastyFrames/2-easy-make-ahead-school-lunches,00961,/mnt/e/TastyFrames/2-easy-make-ahead-school-lunches/frames/00961.jpg
125,1,125,Place a piece of cheese and an apple slice on the upper half of each one  then wrap the turkey around them  tucking the ends underneath.,/mnt/e/TastyFrames/2-easy-make-ahead-school-lunches,01111,/mnt/e/TastyFrames/2-easy-make-ahead-school-lunches/frames/01111.jpg
126,0,427,Serve with half the grapes  half the cherry tomatoes  and crackers.,/mnt/e/TastyFrames/2-easy-make-ahead-school-lunches,01281,/mnt/e/TastyFrames/2-easy-make-ahead-school-lunches/frames/01281.jpg
127,0,124,Slice the 4 remaining turkey slices into quarters.,/mnt/e/TastyFrames/2-easy-make-ahead-school-lunches,01373,/mnt/e/TastyFrames/2-easy-make-ahead-school-lunches/frames/01373.jpg
128,0,74,Layer the bread  turkey  cheese  and remaining cherry tomatoes on the skewers.,/mnt/e/TastyFrames/2-easy-make-ahead-school-lunches,01518,/mnt/e/TastyFrames/2-easy-make-ahead-school-lunches/frames/01518.jpg
129,1,129,Serve with remaining grapes and apple slices.,/mnt/e/TastyFrames/2-easy-make-ahead-school-lunches,01733,/mnt/e/TastyFrames/2-easy-make-ahead-school-lunches/frames/01733.jpg
130,0,295,Place the chocolate in a microwave-safe bowl and melt completely  about 1 minute.,/mnt/e/TastyFrames/2-ingredient-chocolate-cake,00273,/mnt/e/TastyFrames/2-ingredient-chocolate-cake/frames/00273.jpg
131,0,1,Separate the egg yolks and egg whites.,/mnt/e/TastyFrames/2-ingredient-chocolate-cake,00508,/mnt/e/TastyFrames/2-ingredient-chocolate-cake/frames/00508.jpg
132,0,315,Using a hand mixer  whisk the whites until soft peaks form.,/mnt/e/TastyFrames/2-ingredient-chocolate-cake,00633,/mnt/e/TastyFrames/2-ingredient-chocolate-cake/frames/00633.jpg
133,1,133,Add the yolks  one by one  into the bowl of chocolate  whisking to combine.,/mnt/e/TastyFrames/2-ingredient-chocolate-cake,00926,/mnt/e/TastyFrames/2-ingredient-chocolate-cake/frames/00926.jpg
134,0,141,Using a rubber spatula  gently fold 1⁄3 of the whipped egg whites into the yolk and chocolate mixture.,/mnt/e/TastyFrames/2-ingredient-chocolate-cake,01141,/mnt/e/TastyFrames/2-ingredient-chocolate-cake/frames/01141.jpg
135,0,194,Pour the batter in a greased 6-inch (15 cm) cake mold.,/mnt/e/TastyFrames/2-ingredient-chocolate-cake,01301,/mnt/e/TastyFrames/2-ingredient-chocolate-cake/frames/01301.jpg
136,0,293,Bake for 30 minutes.,/mnt/e/TastyFrames/2-ingredient-chocolate-cake,01396,/mnt/e/TastyFrames/2-ingredient-chocolate-cake/frames/01396.jpg
137,0,199,Once the cake is cool to the touch  gently invert it onto a plate.,/mnt/e/TastyFrames/2-ingredient-chocolate-cake,01421,/mnt/e/TastyFrames/2-ingredient-chocolate-cake/frames/01421.jpg
138,0,30,Optional: Sprinkle with powdered_sugar  slice and serve top with ice cream.,/mnt/e/TastyFrames/2-ingredient-chocolate-cake,01613,/mnt/e/TastyFrames/2-ingredient-chocolate-cake/frames/01613.jpg
139,0,174,Separate the egg yolks from the egg whites and place into two bowls.,/mnt/e/TastyFrames/2-ingredient-chocolate-souffle,00348,/mnt/e/TastyFrames/2-ingredient-chocolate-souffle/frames/00348.jpg
140,0,347,Mix the chocolate_hazelnut_spread into the bowl with the egg yolks.,/mnt/e/TastyFrames/2-ingredient-chocolate-souffle,00523,/mnt/e/TastyFrames/2-ingredient-chocolate-souffle/frames/00523.jpg
141,1,141,In the second bowl  whisk 2 egg whites until stiff peaks form.,/mnt/e/TastyFrames/2-ingredient-chocolate-souffle,00743,/mnt/e/TastyFrames/2-ingredient-chocolate-souffle/frames/00743.jpg
142,0,141,Fold 1⁄3 of the whipped egg whites into the chocolate/egg yolk mixture until fully incorporated.,/mnt/e/TastyFrames/2-ingredient-chocolate-souffle,00893,/mnt/e/TastyFrames/2-ingredient-chocolate-souffle/frames/00893.jpg
143,0,6,Add the remaining egg whites to the mixture and fold gently  but thoroughly  until the mixture is smooth.,/mnt/e/TastyFrames/2-ingredient-chocolate-souffle,01056,/mnt/e/TastyFrames/2-ingredient-chocolate-souffle/frames/01056.jpg
144,0,324,Pour the mixture into a greased ramekin.,/mnt/e/TastyFrames/2-ingredient-chocolate-souffle,01246,/mnt/e/TastyFrames/2-ingredient-chocolate-souffle/frames/01246.jpg
145,1,145,Clean the rims so the soufflé rises evenly  and bake for 15-17 minutes.,/mnt/e/TastyFrames/2-ingredient-chocolate-souffle,01366,/mnt/e/TastyFrames/2-ingredient-chocolate-souffle/frames/01366.jpg
146,0,212,Serve immediately.,/mnt/e/TastyFrames/2-ingredient-chocolate-souffle,01421,/mnt/e/TastyFrames/2-ingredient-chocolate-souffle/frames/01421.jpg
147,0,162,Transfer the dough ball to a lightly floured work surface and use your hands to begin flattening and shaping the rough into a roughly 8-inch (20 cm) disk.,/mnt/e/TastyFrames/2-ingredient-dough-bagels,00064,/mnt/e/TastyFrames/2-ingredient-dough-bagels/frames/00064.jpg
148,0,154,Using a bench scraper or knife  cut the dough into 4 equal pieces.,/mnt/e/TastyFrames/2-ingredient-dough-bagels,00153,/mnt/e/TastyFrames/2-ingredient-dough-bagels/frames/00153.jpg
149,0,70,One at a time  roll each piece of dough into a log roughly 8 inches (20 cm) long.,/mnt/e/TastyFrames/2-ingredient-dough-bagels,00228,/mnt/e/TastyFrames/2-ingredient-dough-bagels/frames/00228.jpg
150,0,106,Shape the log into a ring and transfer to a parchment paper-lined baking sheet.,/mnt/e/TastyFrames/2-ingredient-dough-bagels,00323,/mnt/e/TastyFrames/2-ingredient-dough-bagels/frames/00323.jpg
151,1,151,Brush the tops of the bagels with egg wash and sprinkle generously with everything seasoning.,/mnt/e/TastyFrames/2-ingredient-dough-bagels,00431,/mnt/e/TastyFrames/2-ingredient-dough-bagels/frames/00431.jpg
152,0,172,Bake for 20-25 minutes  until the bagels are golden brown.,/mnt/e/TastyFrames/2-ingredient-dough-bagels,00518,/mnt/e/TastyFrames/2-ingredient-dough-bagels/frames/00518.jpg
153,0,162,Transfer the dough ball to a lightly floured work surface and use your hands to begin flattening and shaping the rough into a roughly 8-inch (20 cm) disk.,/mnt/e/TastyFrames/2-ingredient-dough-garlic-knots,00039,/mnt/e/TastyFrames/2-ingredient-dough-garlic-knots/frames/00039.jpg
154,1,154,Using a bench scraper or knife  cut the dough into 8 equal pieces.,/mnt/e/TastyFrames/2-ingredient-dough-garlic-knots,00101,/mnt/e/TastyFrames/2-ingredient-dough-garlic-knots/frames/00101.jpg
155,0,70,One at a time  roll each piece out into a roughly 12 inch (30 cm) log and set aside.,/mnt/e/TastyFrames/2-ingredient-dough-garlic-knots,00183,/mnt/e/TastyFrames/2-ingredient-dough-garlic-knots/frames/00183.jpg
156,0,157,Transfer the dough logs to a parchment paper-lined baking sheet and shape individual knots.,/mnt/e/TastyFrames/2-ingredient-dough-garlic-knots,00308,/mnt/e/TastyFrames/2-ingredient-dough-garlic-knots/frames/00308.jpg
157,0,93,Repeat with remaining logs.,/mnt/e/TastyFrames/2-ingredient-dough-garlic-knots,00378,/mnt/e/TastyFrames/2-ingredient-dough-garlic-knots/frames/00378.jpg
158,1,158,In a small bowl  mix together the olive_oil  garlic  parsley  and salt.,/mnt/e/TastyFrames/2-ingredient-dough-garlic-knots,00498,/mnt/e/TastyFrames/2-ingredient-dough-garlic-knots/frames/00498.jpg
159,0,400,Brush each knot with garlic oil mixture.,/mnt/e/TastyFrames/2-ingredient-dough-garlic-knots,00671,/mnt/e/TastyFrames/2-ingredient-dough-garlic-knots/frames/00671.jpg
160,0,159,Bake for 20 minutes  until the garlic knots have begun to turn golden brown.,/mnt/e/TastyFrames/2-ingredient-dough-garlic-knots,00776,/mnt/e/TastyFrames/2-ingredient-dough-garlic-knots/frames/00776.jpg
161,0,6,In a large bowl  mix the self-rising flour and Greek yogurt until it comes together to form a ball.,/mnt/e/TastyFrames/2-ingredient-dough-pizza,00112,/mnt/e/TastyFrames/2-ingredient-dough-pizza/frames/00112.jpg
162,1,162,Transfer the dough ball to a lightly floured work surface and use your hands to begin flattening and shaping the rough into about a 12-inch (30 cm) round.,/mnt/e/TastyFrames/2-ingredient-dough-pizza,00336,/mnt/e/TastyFrames/2-ingredient-dough-pizza/frames/00336.jpg
163,1,163,Carefully transfer the dough to a lightly floured baking sheet.,/mnt/e/TastyFrames/2-ingredient-dough-pizza,00488,/mnt/e/TastyFrames/2-ingredient-dough-pizza/frames/00488.jpg
164,0,230,Spread the sauce evenly across the dough  sprinkle on the cheese  and top with pepperonis.,/mnt/e/TastyFrames/2-ingredient-dough-pizza,00646,/mnt/e/TastyFrames/2-ingredient-dough-pizza/frames/00646.jpg
165,0,251,Bake for 20 minutes  until the cheese has melted and the crust has turned golden-brown.,/mnt/e/TastyFrames/2-ingredient-dough-pizza,00793,/mnt/e/TastyFrames/2-ingredient-dough-pizza/frames/00793.jpg
166,0,252,Slice and serve.,/mnt/e/TastyFrames/2-ingredient-dough-pizza,00903,/mnt/e/TastyFrames/2-ingredient-dough-pizza/frames/00903.jpg
167,0,162,Transfer the dough ball to a lightly floured work surface and use your hands to begin flattening and shaping the rough into a roughly 8-inch (20 cm) disk.,/mnt/e/TastyFrames/2-ingredient-dough-pretzels,00049,/mnt/e/TastyFrames/2-ingredient-dough-pretzels/frames/00049.jpg
168,0,154,Using a bench scraper or knife  cut the dough into 8 equal pieces.,/mnt/e/TastyFrames/2-ingredient-dough-pretzels,00123,/mnt/e/TastyFrames/2-ingredient-dough-pretzels/frames/00123.jpg
169,0,97,One at a time  roll each piece out into a roughly 14-inch (35 cm) log.,/mnt/e/TastyFrames/2-ingredient-dough-pretzels,00211,/mnt/e/TastyFrames/2-ingredient-dough-pretzels/frames/00211.jpg
170,0,157,Transfer the logs to a parchment paper-lined baking sheet and shape into individual pretzels.,/mnt/e/TastyFrames/2-ingredient-dough-pretzels,00338,/mnt/e/TastyFrames/2-ingredient-dough-pretzels/frames/00338.jpg
171,1,171,Brush the pretzels with egg wash and sprinkle with salt.,/mnt/e/TastyFrames/2-ingredient-dough-pretzels,00461,/mnt/e/TastyFrames/2-ingredient-dough-pretzels/frames/00461.jpg
172,1,172,Bake for 20 minutes  until the pretzels are a deep golden brown.,/mnt/e/TastyFrames/2-ingredient-dough-pretzels,00566,/mnt/e/TastyFrames/2-ingredient-dough-pretzels/frames/00566.jpg
173,0,321,Add the mozzarella to a bowl and microwave for 1-2 minutes  until melted.,/mnt/e/TastyFrames/2-ingredient-pasta,00032,/mnt/e/TastyFrames/2-ingredient-pasta/frames/00032.jpg
174,0,114,Allow the mozzarella to cool for 30 seconds.,/mnt/e/TastyFrames/2-ingredient-pasta,00071,/mnt/e/TastyFrames/2-ingredient-pasta/frames/00071.jpg
175,0,359,With a spatula  gently fold the egg_yolk into the cheese.,/mnt/e/TastyFrames/2-ingredient-pasta,00156,/mnt/e/TastyFrames/2-ingredient-pasta/frames/00156.jpg
176,0,159,Turn the mixture out onto a parchment paper-lined baking sheet.,/mnt/e/TastyFrames/2-ingredient-pasta,00258,/mnt/e/TastyFrames/2-ingredient-pasta/frames/00258.jpg
177,0,274,Place another piece of parchment paper on top of the dough and press down with your hand until thin.,/mnt/e/TastyFrames/2-ingredient-pasta,00326,/mnt/e/TastyFrames/2-ingredient-pasta/frames/00326.jpg
178,1,178,Remove the top piece of parchment and cut the dough into thin strips.,/mnt/e/TastyFrames/2-ingredient-pasta,00501,/mnt/e/TastyFrames/2-ingredient-pasta/frames/00501.jpg
179,0,197,Place the “pasta” on a rack and refrigerate for four hours or overnight.,/mnt/e/TastyFrames/2-ingredient-pasta,00638,/mnt/e/TastyFrames/2-ingredient-pasta/frames/00638.jpg
180,0,209,Place the “pasta” in boiling water for one minute.,/mnt/e/TastyFrames/2-ingredient-pasta,00693,/mnt/e/TastyFrames/2-ingredient-pasta/frames/00693.jpg
181,0,414,Serve with your favorite sauce and toppings.,/mnt/e/TastyFrames/2-ingredient-pasta,00833,/mnt/e/TastyFrames/2-ingredient-pasta/frames/00833.jpg
182,0,373,Mix the spice_cake_mix and pureed pumpkin.,/mnt/e/TastyFrames/2-ingredient-pumpkin-bread,00147,/mnt/e/TastyFrames/2-ingredient-pumpkin-bread/frames/00147.jpg
183,1,183,Spread into a greased loaf pan.,/mnt/e/TastyFrames/2-ingredient-pumpkin-bread,00378,/mnt/e/TastyFrames/2-ingredient-pumpkin-bread/frames/00378.jpg
184,0,346,Bake at 350°F (177°C) for 55-60 min.,/mnt/e/TastyFrames/2-ingredient-pumpkin-bread,00481,/mnt/e/TastyFrames/2-ingredient-pumpkin-bread/frames/00481.jpg
185,1,185,Cool completely.,/mnt/e/TastyFrames/2-ingredient-pumpkin-bread,00543,/mnt/e/TastyFrames/2-ingredient-pumpkin-bread/frames/00543.jpg
186,0,138,Frost to your liking!,/mnt/e/TastyFrames/2-ingredient-pumpkin-bread,00603,/mnt/e/TastyFrames/2-ingredient-pumpkin-bread/frames/00603.jpg
187,1,187,Mix one box of cake_mix with one 12 oz (255 ml) can of soda.,/mnt/e/TastyFrames/2-ingredient-soda-pop-cakes,00114,/mnt/e/TastyFrames/2-ingredient-soda-pop-cakes/frames/00114.jpg
188,0,183,Pour into a greased glass baking dish.,/mnt/e/TastyFrames/2-ingredient-soda-pop-cakes,00321,/mnt/e/TastyFrames/2-ingredient-soda-pop-cakes/frames/00321.jpg
189,0,165,Bake at 350°F (180°C) for 30-40 minutes (depends on the cake_mix/soda combination).,/mnt/e/TastyFrames/2-ingredient-soda-pop-cakes,00428,/mnt/e/TastyFrames/2-ingredient-soda-pop-cakes/frames/00428.jpg
190,0,61,Whisk the flour  baking_powder  salt  and cinnamon together in a medium bowl.,/mnt/e/TastyFrames/2-layer-tres-leches-cake,00196,/mnt/e/TastyFrames/2-layer-tres-leches-cake/frames/00196.jpg
191,0,132,In a separate large bowl  beat the eggs and sugar together with an electric mixer until light  fluffy  and nearly doubled in size  6-8 minutes.,/mnt/e/TastyFrames/2-layer-tres-leches-cake,00423,/mnt/e/TastyFrames/2-layer-tres-leches-cake/frames/00423.jpg
192,1,192,Using a spatula  gently fold in the flour mixture until just combined (some streaks of flour are okay).,/mnt/e/TastyFrames/2-layer-tres-leches-cake,00611,/mnt/e/TastyFrames/2-layer-tres-leches-cake/frames/00611.jpg
193,0,6,Combine the milk and vanilla_extract in a liquid measuring cup or small bowl  then gently fold into the batter  mixing just to blend.,/mnt/e/TastyFrames/2-layer-tres-leches-cake,00868,/mnt/e/TastyFrames/2-layer-tres-leches-cake/frames/00868.jpg
194,0,12,Divide the batter between the pans.,/mnt/e/TastyFrames/2-layer-tres-leches-cake,01093,/mnt/e/TastyFrames/2-layer-tres-leches-cake/frames/01093.jpg
195,0,200,Bake until the cakes are golden brown around the edges and spring back slightly when pressed in the center  about 20-25 minutes.,/mnt/e/TastyFrames/2-layer-tres-leches-cake,01181,/mnt/e/TastyFrames/2-layer-tres-leches-cake/frames/01181.jpg
196,0,323,While the cakes are baking  combine the evaporated_milk  coconut_milk and condensed_milk in a liquid measuring cup or small bowl and whisk to blend.,/mnt/e/TastyFrames/2-layer-tres-leches-cake,01296,/mnt/e/TastyFrames/2-layer-tres-leches-cake/frames/01296.jpg
197,0,198,Once the cakes are done  immediately remove the cakes from the pans and invert them onto a wire rack or baking sheet.,/mnt/e/TastyFrames/2-layer-tres-leches-cake,01421,/mnt/e/TastyFrames/2-layer-tres-leches-cake/frames/01421.jpg
198,1,198,Then  poke the cakes all over with a fork.,/mnt/e/TastyFrames/2-layer-tres-leches-cake,01498,/mnt/e/TastyFrames/2-layer-tres-leches-cake/frames/01498.jpg
199,1,199,Return the cakes to the pans.,/mnt/e/TastyFrames/2-layer-tres-leches-cake,01601,/mnt/e/TastyFrames/2-layer-tres-leches-cake/frames/01601.jpg
200,0,197,Drizzle the condensed_milk mixture over the cakes  letting it soak in.,/mnt/e/TastyFrames/2-layer-tres-leches-cake,01783,/mnt/e/TastyFrames/2-layer-tres-leches-cake/frames/01783.jpg
201,0,15,Let sit for 15 minutes.,/mnt/e/TastyFrames/2-layer-tres-leches-cake,01933,/mnt/e/TastyFrames/2-layer-tres-leches-cake/frames/01933.jpg
202,0,315,In a medium bowl  whip the heavy cream and powdered_sugar with an electric hand mixer until stiff peaks form.,/mnt/e/TastyFrames/2-layer-tres-leches-cake,02068,/mnt/e/TastyFrames/2-layer-tres-leches-cake/frames/02068.jpg
203,1,203,Spread a layer of the whipped cream over the cake.,/mnt/e/TastyFrames/2-layer-tres-leches-cake,02298,/mnt/e/TastyFrames/2-layer-tres-leches-cake/frames/02298.jpg
204,0,203,Place the other cake on top and spread with the remaining whipped cream.,/mnt/e/TastyFrames/2-layer-tres-leches-cake,02501,/mnt/e/TastyFrames/2-layer-tres-leches-cake/frames/02501.jpg
205,0,206,Decorate with berries  if desired.,/mnt/e/TastyFrames/2-layer-tres-leches-cake,02721,/mnt/e/TastyFrames/2-layer-tres-leches-cake/frames/02721.jpg
206,0,252,Slice and serve.,/mnt/e/TastyFrames/2-layer-tres-leches-cake,02998,/mnt/e/TastyFrames/2-layer-tres-leches-cake/frames/02998.jpg
207,0,125,Working in batches  place the sliced sweet_potatoes on a piece of parchment paper and sprinkle with salt.,/mnt/e/TastyFrames/2-minute-sweet-potato-chips,00263,/mnt/e/TastyFrames/2-minute-sweet-potato-chips/frames/00263.jpg
208,0,296,Microwave for 2 minutes and 30 seconds  flipping halfway  until the chips begin to brown.,/mnt/e/TastyFrames/2-minute-sweet-potato-chips,00553,/mnt/e/TastyFrames/2-minute-sweet-potato-chips/frames/00553.jpg
209,1,209,Place the ramen_noodles in a large bowl (discard the seasoning packets or save for another use) and pour the boiling_water over them.,/mnt/e/TastyFrames/20-minute-beef-and-broccoli-noodle-stir-fry,00181,/mnt/e/TastyFrames/20-minute-beef-and-broccoli-noodle-stir-fry/frames/00181.jpg
210,0,353,Let sit for 6 minutes  stirring every now and then to break up the noodle blocks.,/mnt/e/TastyFrames/20-minute-beef-and-broccoli-noodle-stir-fry,00296,/mnt/e/TastyFrames/20-minute-beef-and-broccoli-noodle-stir-fry/frames/00296.jpg
211,0,209,Drain and rinse under cold water.,/mnt/e/TastyFrames/20-minute-beef-and-broccoli-noodle-stir-fry,00346,/mnt/e/TastyFrames/20-minute-beef-and-broccoli-noodle-stir-fry/frames/00346.jpg
212,1,212,In a small bowl  combine the garlic  cornstarch  sesame_oil  lime_juice  and soy_sauce.,/mnt/e/TastyFrames/20-minute-beef-and-broccoli-noodle-stir-fry,00463,/mnt/e/TastyFrames/20-minute-beef-and-broccoli-noodle-stir-fry/frames/00463.jpg
213,0,244,Stir well  then set aside.,/mnt/e/TastyFrames/20-minute-beef-and-broccoli-noodle-stir-fry,00596,/mnt/e/TastyFrames/20-minute-beef-and-broccoli-noodle-stir-fry/frames/00596.jpg
214,0,215,Place the broccoli in a large  microwave-safe bowl and microwave for 11⁄2 minutes  until soft.,/mnt/e/TastyFrames/20-minute-beef-and-broccoli-noodle-stir-fry,00678,/mnt/e/TastyFrames/20-minute-beef-and-broccoli-noodle-stir-fry/frames/00678.jpg
215,0,223,Set aside.,/mnt/e/TastyFrames/20-minute-beef-and-broccoli-noodle-stir-fry,00746,/mnt/e/TastyFrames/20-minute-beef-and-broccoli-noodle-stir-fry/frames/00746.jpg
216,1,216,Heat 1 teaspoon of olive_oil in a large  nonstick pan over high heat.,/mnt/e/TastyFrames/20-minute-beef-and-broccoli-noodle-stir-fry,00781,/mnt/e/TastyFrames/20-minute-beef-and-broccoli-noodle-stir-fry/frames/00781.jpg
217,1,217,Add the steak to the pan and toss with 2 tablespoons of the reserved sauce.,/mnt/e/TastyFrames/20-minute-beef-and-broccoli-noodle-stir-fry,00871,/mnt/e/TastyFrames/20-minute-beef-and-broccoli-noodle-stir-fry/frames/00871.jpg
218,0,221,Cook until browned  about 2 minutes.,/mnt/e/TastyFrames/20-minute-beef-and-broccoli-noodle-stir-fry,00981,/mnt/e/TastyFrames/20-minute-beef-and-broccoli-noodle-stir-fry/frames/00981.jpg
219,0,292,Remove from the pan and set aside.,/mnt/e/TastyFrames/20-minute-beef-and-broccoli-noodle-stir-fry,01033,/mnt/e/TastyFrames/20-minute-beef-and-broccoli-noodle-stir-fry/frames/01033.jpg
220,1,220,Heat another teaspoon of olive_oil in the pan  then add the onion.,/mnt/e/TastyFrames/20-minute-beef-and-broccoli-noodle-stir-fry,01096,/mnt/e/TastyFrames/20-minute-beef-and-broccoli-noodle-stir-fry/frames/01096.jpg
221,1,221,Cook  stirring often  until browned  about 4 minutes.,/mnt/e/TastyFrames/20-minute-beef-and-broccoli-noodle-stir-fry,01171,/mnt/e/TastyFrames/20-minute-beef-and-broccoli-noodle-stir-fry/frames/01171.jpg
222,1,222,Add the broccoli and cook until lightly browned  about 2 minutes.,/mnt/e/TastyFrames/20-minute-beef-and-broccoli-noodle-stir-fry,01276,/mnt/e/TastyFrames/20-minute-beef-and-broccoli-noodle-stir-fry/frames/01276.jpg
223,0,292,Remove from the pan and set aside.,/mnt/e/TastyFrames/20-minute-beef-and-broccoli-noodle-stir-fry,01366,/mnt/e/TastyFrames/20-minute-beef-and-broccoli-noodle-stir-fry/frames/01366.jpg
224,0,225,Add the remaining teaspoon of olive_oil to the pan  then add the noodles and the remaining sauce.,/mnt/e/TastyFrames/20-minute-beef-and-broccoli-noodle-stir-fry,01481,/mnt/e/TastyFrames/20-minute-beef-and-broccoli-noodle-stir-fry/frames/01481.jpg
225,1,225,Cook  stirring constantly  until the noodles soak up the sauce.,/mnt/e/TastyFrames/20-minute-beef-and-broccoli-noodle-stir-fry,01613,/mnt/e/TastyFrames/20-minute-beef-and-broccoli-noodle-stir-fry/frames/01613.jpg
226,1,226,Return the cooked vegetables and steak to the pan and stir to distribute.,/mnt/e/TastyFrames/20-minute-beef-and-broccoli-noodle-stir-fry,01766,/mnt/e/TastyFrames/20-minute-beef-and-broccoli-noodle-stir-fry/frames/01766.jpg
227,0,225,Transfer the noodles to a serving dish and garnish with green onions  cilantro  and sesame_seeds  if using.,/mnt/e/TastyFrames/20-minute-beef-and-broccoli-noodle-stir-fry,01988,/mnt/e/TastyFrames/20-minute-beef-and-broccoli-noodle-stir-fry/frames/01988.jpg
228,1,228,In a large nonstick pan  combine the warm_water  olive_oil  flour  sugar  yeast  and salt.,/mnt/e/TastyFrames/20-minute-one-pan-pizza,00173,/mnt/e/TastyFrames/20-minute-one-pan-pizza/frames/00173.jpg
229,1,229,Use a spatula to stir the ingredients  then smooth the dough to the edges of the pan.,/mnt/e/TastyFrames/20-minute-one-pan-pizza,00381,/mnt/e/TastyFrames/20-minute-one-pan-pizza/frames/00381.jpg
230,1,230,Spread the marinara_sauce over the dough  all the way to the edges.,/mnt/e/TastyFrames/20-minute-one-pan-pizza,00546,/mnt/e/TastyFrames/20-minute-one-pan-pizza/frames/00546.jpg
231,1,231,Sprinkle the mozzarella evenly over the sauce  then top with the pepperoni.,/mnt/e/TastyFrames/20-minute-one-pan-pizza,00756,/mnt/e/TastyFrames/20-minute-one-pan-pizza/frames/00756.jpg
232,0,245,Place over medium heat  cover  and cook for 10 minutes with the vent covered.,/mnt/e/TastyFrames/20-minute-one-pan-pizza,00956,/mnt/e/TastyFrames/20-minute-one-pan-pizza/frames/00956.jpg
233,0,15,Uncover the vent and cook for 5 more minutes  until the edges are crispy.,/mnt/e/TastyFrames/20-minute-one-pan-pizza,01043,/mnt/e/TastyFrames/20-minute-one-pan-pizza/frames/01043.jpg
234,0,166,Slide the pizza out of the pan onto a cutting board and let cool for 5 minutes.,/mnt/e/TastyFrames/20-minute-one-pan-pizza,01116,/mnt/e/TastyFrames/20-minute-one-pan-pizza/frames/01116.jpg
235,0,64,Sprinkle with basil  then slice and serve.,/mnt/e/TastyFrames/20-minute-one-pan-pizza,01266,/mnt/e/TastyFrames/20-minute-one-pan-pizza/frames/01266.jpg
236,1,236,To clean mussels  scrub them with a stiff brush under cold running water to remove any grit.,/mnt/e/TastyFrames/25-minute-mussels-in-white-wine,00263,/mnt/e/TastyFrames/25-minute-mussels-in-white-wine/frames/00263.jpg
237,0,236,Discard any mussels with cracked or broken shells  or that do not close.,/mnt/e/TastyFrames/25-minute-mussels-in-white-wine,00428,/mnt/e/TastyFrames/25-minute-mussels-in-white-wine/frames/00428.jpg
238,0,20,In a large lidded pot over medium-high heat  stir butter until melted.,/mnt/e/TastyFrames/25-minute-mussels-in-white-wine,00533,/mnt/e/TastyFrames/25-minute-mussels-in-white-wine/frames/00533.jpg
239,0,220,Add the onion and cook  stirring frequently  until it has softened and started to brown  6-8 minutes.,/mnt/e/TastyFrames/25-minute-mussels-in-white-wine,00646,/mnt/e/TastyFrames/25-minute-mussels-in-white-wine/frames/00646.jpg
240,1,240,Add the garlic and cook for 30 seconds  stirring constantly.,/mnt/e/TastyFrames/25-minute-mussels-in-white-wine,00753,/mnt/e/TastyFrames/25-minute-mussels-in-white-wine/frames/00753.jpg
241,0,60,Add the red_pepper_flakes and season with salt.,/mnt/e/TastyFrames/25-minute-mussels-in-white-wine,00856,/mnt/e/TastyFrames/25-minute-mussels-in-white-wine/frames/00856.jpg
242,0,244,Stir to combine.,/mnt/e/TastyFrames/25-minute-mussels-in-white-wine,00933,/mnt/e/TastyFrames/25-minute-mussels-in-white-wine/frames/00933.jpg
243,0,244,Add the mussels and stir until completely coated.,/mnt/e/TastyFrames/25-minute-mussels-in-white-wine,01078,/mnt/e/TastyFrames/25-minute-mussels-in-white-wine/frames/01078.jpg
244,0,4,Add the white_wine and stir.,/mnt/e/TastyFrames/25-minute-mussels-in-white-wine,01271,/mnt/e/TastyFrames/25-minute-mussels-in-white-wine/frames/01271.jpg
245,0,243,Put the lid on the pot and cook until the mussels have opened  3-5 minutes.,/mnt/e/TastyFrames/25-minute-mussels-in-white-wine,01413,/mnt/e/TastyFrames/25-minute-mussels-in-white-wine/frames/01413.jpg
246,0,245,Discard any shells that don’t open after 5 minutes.,/mnt/e/TastyFrames/25-minute-mussels-in-white-wine,01501,/mnt/e/TastyFrames/25-minute-mussels-in-white-wine/frames/01501.jpg
247,0,158,Add the parsley and stir.,/mnt/e/TastyFrames/25-minute-mussels-in-white-wine,01573,/mnt/e/TastyFrames/25-minute-mussels-in-white-wine/frames/01573.jpg
248,1,248,Serve with bread.,/mnt/e/TastyFrames/25-minute-mussels-in-white-wine,01663,/mnt/e/TastyFrames/25-minute-mussels-in-white-wine/frames/01663.jpg
249,0,229,In a bowl  combine all of the ingredients except the baguette  and mix until smooth.,/mnt/e/TastyFrames/3-cheese-garlic-bread,00154,/mnt/e/TastyFrames/3-cheese-garlic-bread/frames/00154.jpg
250,1,250,Slice the baguette in half lengthwise  then spread the butter mixture evenly on both sides of the baguette.,/mnt/e/TastyFrames/3-cheese-garlic-bread,00451,/mnt/e/TastyFrames/3-cheese-garlic-bread/frames/00451.jpg
251,0,400,Place on a tray lined with parchment paper and bake for about 15 minutes  until cheese is bubbly and starting to brown on the edges.,/mnt/e/TastyFrames/3-cheese-garlic-bread,00643,/mnt/e/TastyFrames/3-cheese-garlic-bread/frames/00643.jpg
252,0,178,Slice  cool  then serve.,/mnt/e/TastyFrames/3-cheese-garlic-bread,00798,/mnt/e/TastyFrames/3-cheese-garlic-bread/frames/00798.jpg
253,0,254,Add rolled_oats to a blender and blend until the oats are the size of a fine crumb.,/mnt/e/TastyFrames/3-ingredient-banana-oat-smoothie,00072,/mnt/e/TastyFrames/3-ingredient-banana-oat-smoothie/frames/00072.jpg
254,1,254,Add the banana and milk and blend well.,/mnt/e/TastyFrames/3-ingredient-banana-oat-smoothie,00308,/mnt/e/TastyFrames/3-ingredient-banana-oat-smoothie/frames/00308.jpg
255,0,281,Pour in a glass  and enjoy!,/mnt/e/TastyFrames/3-ingredient-banana-oat-smoothie,00558,/mnt/e/TastyFrames/3-ingredient-banana-oat-smoothie/frames/00558.jpg
256,0,20,Put a pot on a medium low heat and melt the butter with the condensed milk.,/mnt/e/TastyFrames/3-ingredient-brazilian-truffles,00049,/mnt/e/TastyFrames/3-ingredient-brazilian-truffles/frames/00049.jpg
257,1,257,Stir in the cocoa_powder and continue to stir for 10-15 minutes until the mixture begins to pull away from the edge of the pot.,/mnt/e/TastyFrames/3-ingredient-brazilian-truffles,00173,/mnt/e/TastyFrames/3-ingredient-brazilian-truffles/frames/00173.jpg
258,0,363,It’s done when you run the spoon through the centre of the mixture and it takes a few seconds to combine again.,/mnt/e/TastyFrames/3-ingredient-brazilian-truffles,00293,/mnt/e/TastyFrames/3-ingredient-brazilian-truffles/frames/00293.jpg
259,0,4,Spread the mixture onto a buttered plate and refrigerate for 2 hours.,/mnt/e/TastyFrames/3-ingredient-brazilian-truffles,00423,/mnt/e/TastyFrames/3-ingredient-brazilian-truffles/frames/00423.jpg
260,0,339,When set  roll the mixture into small balls and coat them in the chocolate sprinkles (you may need to apply a small amount of butter to your hands to help them from sticking).,/mnt/e/TastyFrames/3-ingredient-brazilian-truffles,00591,/mnt/e/TastyFrames/3-ingredient-brazilian-truffles/frames/00591.jpg
261,0,254,In a large mixing bowl combine the oats and banana and mash banana and mix until well incorporated.,/mnt/e/TastyFrames/3-ingredient-breakfast-cookies,00188,/mnt/e/TastyFrames/3-ingredient-breakfast-cookies/frames/00188.jpg
262,0,254,Add additional ingredients should you desire.,/mnt/e/TastyFrames/3-ingredient-breakfast-cookies,00363,/mnt/e/TastyFrames/3-ingredient-breakfast-cookies/frames/00363.jpg
263,0,412,Bake for 12 minutes.,/mnt/e/TastyFrames/3-ingredient-breakfast-cookies,00426,/mnt/e/TastyFrames/3-ingredient-breakfast-cookies/frames/00426.jpg
264,1,264,Rub the Cajun seasoning evenly over the top and bottom of the ribs.,/mnt/e/TastyFrames/3-ingredient-cajun-bbq-ribs,00266,/mnt/e/TastyFrames/3-ingredient-cajun-bbq-ribs/frames/00266.jpg
265,0,266,Bake for 2 hours  until ribs are tender.,/mnt/e/TastyFrames/3-ingredient-cajun-bbq-ribs,00421,/mnt/e/TastyFrames/3-ingredient-cajun-bbq-ribs/frames/00421.jpg
266,1,266,Brush the BBQ sauce evenly over the top and the sides.,/mnt/e/TastyFrames/3-ingredient-cajun-bbq-ribs,00536,/mnt/e/TastyFrames/3-ingredient-cajun-bbq-ribs/frames/00536.jpg
267,0,329,Bake for an additional 15 minutes  until the sauce is bubbly and caramelized.,/mnt/e/TastyFrames/3-ingredient-cajun-bbq-ribs,00643,/mnt/e/TastyFrames/3-ingredient-cajun-bbq-ribs/frames/00643.jpg
268,0,266,Serve with the extra BBQ sauce!,/mnt/e/TastyFrames/3-ingredient-cajun-bbq-ribs,00691,/mnt/e/TastyFrames/3-ingredient-cajun-bbq-ribs/frames/00691.jpg
269,1,269,In a bowl  mix together the salmon  chili_sauce  and the scallions.,/mnt/e/TastyFrames/3-ingredient-chili-glazed-salmon,00271,/mnt/e/TastyFrames/3-ingredient-chili-glazed-salmon/frames/00271.jpg
270,1,270,Place the fillets on a baking tray lined with parchment paper.,/mnt/e/TastyFrames/3-ingredient-chili-glazed-salmon,00476,/mnt/e/TastyFrames/3-ingredient-chili-glazed-salmon/frames/00476.jpg
271,0,270,Bake for 12-15 minutes  until the salmon is cooked but still tender.,/mnt/e/TastyFrames/3-ingredient-chili-glazed-salmon,00551,/mnt/e/TastyFrames/3-ingredient-chili-glazed-salmon/frames/00551.jpg
272,1,272,In a medium bowl  combine chocolate_chips and condensed_milk.,/mnt/e/TastyFrames/3-ingredient-chocolate-and-peanut-butter-fudge,00171,/mnt/e/TastyFrames/3-ingredient-chocolate-and-peanut-butter-fudge/frames/00171.jpg
273,0,321,Microwave for 1 minute and mix together until smooth.,/mnt/e/TastyFrames/3-ingredient-chocolate-and-peanut-butter-fudge,00338,/mnt/e/TastyFrames/3-ingredient-chocolate-and-peanut-butter-fudge/frames/00338.jpg
274,1,274,Lay a piece of parchment paper over a 9 x 9-inch (23 x 23cm) baking dish.,/mnt/e/TastyFrames/3-ingredient-chocolate-and-peanut-butter-fudge,00463,/mnt/e/TastyFrames/3-ingredient-chocolate-and-peanut-butter-fudge/frames/00463.jpg
275,0,343,Transfer chocolate mix to baking dish  spread evenly.,/mnt/e/TastyFrames/3-ingredient-chocolate-and-peanut-butter-fudge,00546,/mnt/e/TastyFrames/3-ingredient-chocolate-and-peanut-butter-fudge/frames/00546.jpg
276,0,278,Refrigerate for 10 minutes.,/mnt/e/TastyFrames/3-ingredient-chocolate-and-peanut-butter-fudge,00616,/mnt/e/TastyFrames/3-ingredient-chocolate-and-peanut-butter-fudge/frames/00616.jpg
277,1,277,Spread peanut_butter evenly over the top of the cooled fudge.,/mnt/e/TastyFrames/3-ingredient-chocolate-and-peanut-butter-fudge,00693,/mnt/e/TastyFrames/3-ingredient-chocolate-and-peanut-butter-fudge/frames/00693.jpg
278,1,278,Refrigerate for 2 additional hours.,/mnt/e/TastyFrames/3-ingredient-chocolate-and-peanut-butter-fudge,00773,/mnt/e/TastyFrames/3-ingredient-chocolate-and-peanut-butter-fudge/frames/00773.jpg
279,0,98,Carefully cut into squares,/mnt/e/TastyFrames/3-ingredient-chocolate-and-peanut-butter-fudge,00896,/mnt/e/TastyFrames/3-ingredient-chocolate-and-peanut-butter-fudge/frames/00896.jpg
280,0,281,Add avocado  banana  and chocolate_milk to blender and blend until smooth.,/mnt/e/TastyFrames/3-ingredient-chocolate-avocado-smoothie,00174,/mnt/e/TastyFrames/3-ingredient-chocolate-avocado-smoothie/frames/00174.jpg
281,1,281,Pour into a glass  and enjoy!,/mnt/e/TastyFrames/3-ingredient-chocolate-avocado-smoothie,00443,/mnt/e/TastyFrames/3-ingredient-chocolate-avocado-smoothie/frames/00443.jpg
282,1,282,Prepare a square glass baking dish with cooking spray.,/mnt/e/TastyFrames/3-ingredient-chocolate-cereal-treats,00468,/mnt/e/TastyFrames/3-ingredient-chocolate-cereal-treats/frames/00468.jpg
283,1,283,Melt marshmallows over medium heat in a nonstick pan.,/mnt/e/TastyFrames/3-ingredient-chocolate-cereal-treats,00141,/mnt/e/TastyFrames/3-ingredient-chocolate-cereal-treats/frames/00141.jpg
284,0,352,Stir every 30 seconds to avoid burning.,/mnt/e/TastyFrames/3-ingredient-chocolate-cereal-treats,00221,/mnt/e/TastyFrames/3-ingredient-chocolate-cereal-treats/frames/00221.jpg
285,0,286,Once the marshmallows are melted  add in the rice cereal and chocolates.,/mnt/e/TastyFrames/3-ingredient-chocolate-cereal-treats,00306,/mnt/e/TastyFrames/3-ingredient-chocolate-cereal-treats/frames/00306.jpg
286,0,244,Stir until fully combined.,/mnt/e/TastyFrames/3-ingredient-chocolate-cereal-treats,00398,/mnt/e/TastyFrames/3-ingredient-chocolate-cereal-treats/frames/00398.jpg
287,0,176,Scoop the mixture into the sprayed baking dish and flatten with a spatula.,/mnt/e/TastyFrames/3-ingredient-chocolate-cereal-treats,00521,/mnt/e/TastyFrames/3-ingredient-chocolate-cereal-treats/frames/00521.jpg
288,0,178,Cool for 30 minutes  then cut into squares.,/mnt/e/TastyFrames/3-ingredient-chocolate-cereal-treats,00571,/mnt/e/TastyFrames/3-ingredient-chocolate-cereal-treats/frames/00571.jpg
289,0,178,Cut slits 1 inch (2 1⁄2 cm) apart on both ends of the pastry  leaving the middle section untouched.,/mnt/e/TastyFrames/3-ingredient-chocolate-strawberry-braid,00158,/mnt/e/TastyFrames/3-ingredient-chocolate-strawberry-braid/frames/00158.jpg
290,0,291,Spread half of the chocolate spread and sliced strawberries on the center third.,/mnt/e/TastyFrames/3-ingredient-chocolate-strawberry-braid,00248,/mnt/e/TastyFrames/3-ingredient-chocolate-strawberry-braid/frames/00248.jpg
291,1,291,Starting at one end  fold the pastry strips over the chocolate/strawberry mixture  alternating sides until mixture is completely covered.,/mnt/e/TastyFrames/3-ingredient-chocolate-strawberry-braid,00346,/mnt/e/TastyFrames/3-ingredient-chocolate-strawberry-braid/frames/00346.jpg
292,0,100,Repeat for second half of puff_pastry.,/mnt/e/TastyFrames/3-ingredient-chocolate-strawberry-braid,00423,/mnt/e/TastyFrames/3-ingredient-chocolate-strawberry-braid/frames/00423.jpg
293,0,72,Bake for 12-15 minutes.,/mnt/e/TastyFrames/3-ingredient-chocolate-strawberry-braid,00468,/mnt/e/TastyFrames/3-ingredient-chocolate-strawberry-braid/frames/00468.jpg
294,0,376,Let cool for 5 minutes.,/mnt/e/TastyFrames/3-ingredient-chocolate-strawberry-braid,00508,/mnt/e/TastyFrames/3-ingredient-chocolate-strawberry-braid/frames/00508.jpg
295,1,295,Empty half of Cookie Butter into a microwave safe bowl.,/mnt/e/TastyFrames/3-ingredient-cookie-butter-cakes,00094,/mnt/e/TastyFrames/3-ingredient-cookie-butter-cakes/frames/00094.jpg
296,0,84,Microwave for 50 seconds  stirring halfway.,/mnt/e/TastyFrames/3-ingredient-cookie-butter-cakes,00283,/mnt/e/TastyFrames/3-ingredient-cookie-butter-cakes/frames/00283.jpg
297,0,174,Set aside to cool while you prepare the egg mixture.,/mnt/e/TastyFrames/3-ingredient-cookie-butter-cakes,00453,/mnt/e/TastyFrames/3-ingredient-cookie-butter-cakes/frames/00453.jpg
298,0,1,In a large mixing bowl add sugar and 5 eggs.,/mnt/e/TastyFrames/3-ingredient-cookie-butter-cakes,00623,/mnt/e/TastyFrames/3-ingredient-cookie-butter-cakes/frames/00623.jpg
299,0,7,Beat with an electric mixer on high for 6 to 8 minutes  until tripled in size.,/mnt/e/TastyFrames/3-ingredient-cookie-butter-cakes,00763,/mnt/e/TastyFrames/3-ingredient-cookie-butter-cakes/frames/00763.jpg
300,0,342,With a rubber spoon  fold some of the egg mixture into the slightly cooled cookie butter.,/mnt/e/TastyFrames/3-ingredient-cookie-butter-cakes,00856,/mnt/e/TastyFrames/3-ingredient-cookie-butter-cakes/frames/00856.jpg
301,0,4,Gradually fold the cookie butter mixture back into the remaining egg mixture (this will help prevent the eggs from deflating) until fully incorporated.,/mnt/e/TastyFrames/3-ingredient-cookie-butter-cakes,00943,/mnt/e/TastyFrames/3-ingredient-cookie-butter-cakes/frames/00943.jpg
302,0,345,Pour batter into a greased 12-cup muffin tin.,/mnt/e/TastyFrames/3-ingredient-cookie-butter-cakes,01071,/mnt/e/TastyFrames/3-ingredient-cookie-butter-cakes/frames/01071.jpg
303,0,165,Bake in preheated oven for 15 minutes.,/mnt/e/TastyFrames/3-ingredient-cookie-butter-cakes,01166,/mnt/e/TastyFrames/3-ingredient-cookie-butter-cakes/frames/01166.jpg
304,0,198,Remove from oven  loosen the edges of each cake with a knife - invert the pan onto a wire rack.,/mnt/e/TastyFrames/3-ingredient-cookie-butter-cakes,01293,/mnt/e/TastyFrames/3-ingredient-cookie-butter-cakes/frames/01293.jpg
305,1,305,Melt additional cookie butter to drizzle on top.,/mnt/e/TastyFrames/3-ingredient-cookie-butter-cakes,01451,/mnt/e/TastyFrames/3-ingredient-cookie-butter-cakes/frames/01451.jpg
306,0,392,Enjoy!,/mnt/e/TastyFrames/3-ingredient-cookie-butter-cakes,01581,/mnt/e/TastyFrames/3-ingredient-cookie-butter-cakes/frames/01581.jpg
307,1,307,Place cookies in a gallon sized plastic bag and hit with a rolling pin or pan until crushed.,/mnt/e/TastyFrames/3-ingredient-cookies-ice-cream-pie,00201,/mnt/e/TastyFrames/3-ingredient-cookies-ice-cream-pie/frames/00201.jpg
308,1,308,Pat the cookie crumbs into the bottom of a 9” pie dish.,/mnt/e/TastyFrames/3-ingredient-cookies-ice-cream-pie,00353,/mnt/e/TastyFrames/3-ingredient-cookies-ice-cream-pie/frames/00353.jpg
309,0,441,Spread the softened ice_cream on top and smooth out.,/mnt/e/TastyFrames/3-ingredient-cookies-ice-cream-pie,00508,/mnt/e/TastyFrames/3-ingredient-cookies-ice-cream-pie/frames/00508.jpg
310,0,90,Drizzle the top with melted chocolate.,/mnt/e/TastyFrames/3-ingredient-cookies-ice-cream-pie,00683,/mnt/e/TastyFrames/3-ingredient-cookies-ice-cream-pie/frames/00683.jpg
311,0,318,Freeze for 4 hours  or until the ice_cream is hardened.,/mnt/e/TastyFrames/3-ingredient-cookies-ice-cream-pie,00786,/mnt/e/TastyFrames/3-ingredient-cookies-ice-cream-pie/frames/00786.jpg
312,0,384,Separate cookies and cream filling into two different bowls.,/mnt/e/TastyFrames/3-ingredient-cookies-n-cream-ice-cream,00191,/mnt/e/TastyFrames/3-ingredient-cookies-n-cream-ice-cream/frames/00191.jpg
313,0,307,Pour the cookies into a plastic bag and smash with a rolling pin until they are crumbs.,/mnt/e/TastyFrames/3-ingredient-cookies-n-cream-ice-cream,00321,/mnt/e/TastyFrames/3-ingredient-cookies-n-cream-ice-cream/frames/00321.jpg
314,0,424,Combine crumbs and condensed_milk in a bowl  mix together and set aside.,/mnt/e/TastyFrames/3-ingredient-cookies-n-cream-ice-cream,00511,/mnt/e/TastyFrames/3-ingredient-cookies-n-cream-ice-cream/frames/00511.jpg
315,1,315,In a large bowl  whip your heavy_cream with a hand mixer until stiff peaks form.,/mnt/e/TastyFrames/3-ingredient-cookies-n-cream-ice-cream,00698,/mnt/e/TastyFrames/3-ingredient-cookies-n-cream-ice-cream/frames/00698.jpg
316,0,386,Fold the cookie mix into the whipped cream and transfer to a deep baking dish.,/mnt/e/TastyFrames/3-ingredient-cookies-n-cream-ice-cream,00903,/mnt/e/TastyFrames/3-ingredient-cookies-n-cream-ice-cream/frames/00903.jpg
317,0,95,Top with additional cookie crumbs and cream.,/mnt/e/TastyFrames/3-ingredient-cookies-n-cream-ice-cream,01108,/mnt/e/TastyFrames/3-ingredient-cookies-n-cream-ice-cream/frames/01108.jpg
318,1,318,Freeze for 4 hours.,/mnt/e/TastyFrames/3-ingredient-cookies-n-cream-ice-cream,01178,/mnt/e/TastyFrames/3-ingredient-cookies-n-cream-ice-cream/frames/01178.jpg
319,0,321,Scoop the ice cream in a microwave-safe bowl.,/mnt/e/TastyFrames/3-ingredient-creme-brulee,00283,/mnt/e/TastyFrames/3-ingredient-creme-brulee/frames/00283.jpg
320,0,84,Microwave the ice cream for 30 to 40 seconds or until completely melted.,/mnt/e/TastyFrames/3-ingredient-creme-brulee,00343,/mnt/e/TastyFrames/3-ingredient-creme-brulee/frames/00343.jpg
321,0,245,Allow to cool for 5 minutes.,/mnt/e/TastyFrames/3-ingredient-creme-brulee,00446,/mnt/e/TastyFrames/3-ingredient-creme-brulee/frames/00446.jpg
322,1,322,Add the egg_yolk into the melted ice cream and whisk well.,/mnt/e/TastyFrames/3-ingredient-creme-brulee,00581,/mnt/e/TastyFrames/3-ingredient-creme-brulee/frames/00581.jpg
323,0,144,Pour the mixture into a ramekin.,/mnt/e/TastyFrames/3-ingredient-creme-brulee,00681,/mnt/e/TastyFrames/3-ingredient-creme-brulee/frames/00681.jpg
324,1,324,Place the ramekin in a pan.,/mnt/e/TastyFrames/3-ingredient-creme-brulee,00741,/mnt/e/TastyFrames/3-ingredient-creme-brulee/frames/00741.jpg
325,1,325,Pour hot water into the pan to come roughly halfway up the sides of the ramekin.,/mnt/e/TastyFrames/3-ingredient-creme-brulee,00813,/mnt/e/TastyFrames/3-ingredient-creme-brulee/frames/00813.jpg
326,0,72,Bake for 40-50 minutes.,/mnt/e/TastyFrames/3-ingredient-creme-brulee,00873,/mnt/e/TastyFrames/3-ingredient-creme-brulee/frames/00873.jpg
327,0,331,The crème brûlée should be set  but still a little jiggly in the middle.,/mnt/e/TastyFrames/3-ingredient-creme-brulee,00926,/mnt/e/TastyFrames/3-ingredient-creme-brulee/frames/00926.jpg
328,0,331,Sprinkle a tablespoon of sugar on top of each crème brûlée.,/mnt/e/TastyFrames/3-ingredient-creme-brulee,01031,/mnt/e/TastyFrames/3-ingredient-creme-brulee/frames/01031.jpg
329,0,331,If you don’t have a torch  you can broil the crème brûlée to melt the sugar.,/mnt/e/TastyFrames/3-ingredient-creme-brulee,01166,/mnt/e/TastyFrames/3-ingredient-creme-brulee/frames/01166.jpg
330,0,364,Keep an eye on it  to make sure you don’t over cook it.,/mnt/e/TastyFrames/3-ingredient-creme-brulee,01216,/mnt/e/TastyFrames/3-ingredient-creme-brulee/frames/01216.jpg
331,1,331,Allow the crème brûlée to sit for at least 5 minutes before serving.,/mnt/e/TastyFrames/3-ingredient-creme-brulee,01233,/mnt/e/TastyFrames/3-ingredient-creme-brulee/frames/01233.jpg
332,0,21,You can also make various flavor by using different ice cream flavors.,/mnt/e/TastyFrames/3-ingredient-creme-brulee,01528,/mnt/e/TastyFrames/3-ingredient-creme-brulee/frames/01528.jpg
333,1,333,Chop dark_chocolate into a bowl.,/mnt/e/TastyFrames/3-ingredient-dark-chocolate-truffles,00019,/mnt/e/TastyFrames/3-ingredient-dark-chocolate-truffles/frames/00019.jpg
334,0,84,Microwave in 15-second intervals  until fully melted.,/mnt/e/TastyFrames/3-ingredient-dark-chocolate-truffles,00081,/mnt/e/TastyFrames/3-ingredient-dark-chocolate-truffles/frames/00081.jpg
335,0,309,Slowly fold in Greek yogurt until thoroughly combined.,/mnt/e/TastyFrames/3-ingredient-dark-chocolate-truffles,00241,/mnt/e/TastyFrames/3-ingredient-dark-chocolate-truffles/frames/00241.jpg
336,0,397,Chill in the refrigerator for 15-20 minutes  until mixture is solid but still formable.,/mnt/e/TastyFrames/3-ingredient-dark-chocolate-truffles,00386,/mnt/e/TastyFrames/3-ingredient-dark-chocolate-truffles/frames/00386.jpg
337,0,159,Using a tablespoon  scoop the mixture and use palms to form and roll into balls.,/mnt/e/TastyFrames/3-ingredient-dark-chocolate-truffles,00503,/mnt/e/TastyFrames/3-ingredient-dark-chocolate-truffles/frames/00503.jpg
338,1,338,Roll truffles into your favorite toppings.,/mnt/e/TastyFrames/3-ingredient-dark-chocolate-truffles,00678,/mnt/e/TastyFrames/3-ingredient-dark-chocolate-truffles/frames/00678.jpg
339,1,339,For sprinkles  chopped nuts  and shredded_coconut: first dip truffles into melted chocolate for best results.,/mnt/e/TastyFrames/3-ingredient-dark-chocolate-truffles,00941,/mnt/e/TastyFrames/3-ingredient-dark-chocolate-truffles/frames/00941.jpg
340,0,361,In a bowl  mash the bananas with a fork.,/mnt/e/TastyFrames/3-ingredient-flourless-chocolate-blueberry-banana-muffins,00097,/mnt/e/TastyFrames/3-ingredient-flourless-chocolate-blueberry-banana-muffins/frames/00097.jpg
341,1,341,Add nut_butter and mix until combined.,/mnt/e/TastyFrames/3-ingredient-flourless-chocolate-blueberry-banana-muffins,00333,/mnt/e/TastyFrames/3-ingredient-flourless-chocolate-blueberry-banana-muffins/frames/00333.jpg
342,0,85,Divide the batter into two bowls.,/mnt/e/TastyFrames/3-ingredient-flourless-chocolate-blueberry-banana-muffins,00548,/mnt/e/TastyFrames/3-ingredient-flourless-chocolate-blueberry-banana-muffins/frames/00548.jpg
343,0,141,Add cocoa_powder to one bowl of batter and mix well.,/mnt/e/TastyFrames/3-ingredient-flourless-chocolate-blueberry-banana-muffins,00743,/mnt/e/TastyFrames/3-ingredient-flourless-chocolate-blueberry-banana-muffins/frames/00743.jpg
344,1,344,Add the blueberries to the other bowl of batter and mix well.,/mnt/e/TastyFrames/3-ingredient-flourless-chocolate-blueberry-banana-muffins,00971,/mnt/e/TastyFrames/3-ingredient-flourless-chocolate-blueberry-banana-muffins/frames/00971.jpg
345,1,345,Add the batter to a muffin tin.,/mnt/e/TastyFrames/3-ingredient-flourless-chocolate-blueberry-banana-muffins,01218,/mnt/e/TastyFrames/3-ingredient-flourless-chocolate-blueberry-banana-muffins/frames/01218.jpg
346,0,412,Bake for 18-20 minutes.,/mnt/e/TastyFrames/3-ingredient-flourless-chocolate-blueberry-banana-muffins,01383,/mnt/e/TastyFrames/3-ingredient-flourless-chocolate-blueberry-banana-muffins/frames/01383.jpg
347,0,60,In a large bowl  combine ingredients.,/mnt/e/TastyFrames/3-ingredient-hazelnut-brownies,00198,/mnt/e/TastyFrames/3-ingredient-hazelnut-brownies/frames/00198.jpg
348,0,317,Transfer mix to square baking dish.,/mnt/e/TastyFrames/3-ingredient-hazelnut-brownies,00393,/mnt/e/TastyFrames/3-ingredient-hazelnut-brownies/frames/00393.jpg
349,0,412,Bake for 15 minutes.,/mnt/e/TastyFrames/3-ingredient-hazelnut-brownies,00496,/mnt/e/TastyFrames/3-ingredient-hazelnut-brownies/frames/00496.jpg
350,0,279,Allow to cool for 5 minutes and then carefully cut into squares.,/mnt/e/TastyFrames/3-ingredient-hazelnut-brownies,00598,/mnt/e/TastyFrames/3-ingredient-hazelnut-brownies/frames/00598.jpg
351,1,351,In a large pot  bring the milk to a boil.,/mnt/e/TastyFrames/3-ingredient-mac-cheese,00216,/mnt/e/TastyFrames/3-ingredient-mac-cheese/frames/00216.jpg
352,0,353,Add the pasta and stir constantly until the pasta is cooked  about 10 minutes.,/mnt/e/TastyFrames/3-ingredient-mac-cheese,00353,/mnt/e/TastyFrames/3-ingredient-mac-cheese/frames/00353.jpg
353,0,354,Turn off the heat  then add the cheddar.,/mnt/e/TastyFrames/3-ingredient-mac-cheese,00438,/mnt/e/TastyFrames/3-ingredient-mac-cheese/frames/00438.jpg
354,1,354,Stir until the cheese is melted and the pasta is evenly coated.,/mnt/e/TastyFrames/3-ingredient-mac-cheese,00573,/mnt/e/TastyFrames/3-ingredient-mac-cheese/frames/00573.jpg
355,0,356,Cut mangoes into 1⁄2-inch (1.3 cm) cubes and put on baking sheet.,/mnt/e/TastyFrames/3-ingredient-mango-sorbet,00274,/mnt/e/TastyFrames/3-ingredient-mango-sorbet/frames/00274.jpg
356,0,318,Cover and freeze for a minimum of 4 hours.,/mnt/e/TastyFrames/3-ingredient-mango-sorbet,00666,/mnt/e/TastyFrames/3-ingredient-mango-sorbet/frames/00666.jpg
357,1,357,In a food processor  add the frozen mango  water  and honey.,/mnt/e/TastyFrames/3-ingredient-mango-sorbet,00881,/mnt/e/TastyFrames/3-ingredient-mango-sorbet/frames/00881.jpg
358,0,284,Mix until the mixture is smooth.,/mnt/e/TastyFrames/3-ingredient-mango-sorbet,01066,/mnt/e/TastyFrames/3-ingredient-mango-sorbet/frames/01066.jpg
359,0,380,Remove from food processor and scoop into tray.,/mnt/e/TastyFrames/3-ingredient-mango-sorbet,01306,/mnt/e/TastyFrames/3-ingredient-mango-sorbet/frames/01306.jpg
360,0,318,Freeze for one additional hour.,/mnt/e/TastyFrames/3-ingredient-mango-sorbet,01493,/mnt/e/TastyFrames/3-ingredient-mango-sorbet/frames/01493.jpg
361,1,361,In a bowl  mash the banana with a fork.,/mnt/e/TastyFrames/3-ingredient-pancakes,00067,/mnt/e/TastyFrames/3-ingredient-pancakes/frames/00067.jpg
362,0,133,Add eggs and cinnamon.,/mnt/e/TastyFrames/3-ingredient-pancakes,00183,/mnt/e/TastyFrames/3-ingredient-pancakes/frames/00183.jpg
363,0,343,Mix until combined.,/mnt/e/TastyFrames/3-ingredient-pancakes,00296,/mnt/e/TastyFrames/3-ingredient-pancakes/frames/00296.jpg
364,1,364,Add a spoonful of batter and cook for 3-4 minutes  then flip and cook for an additional 3-4 minutes.,/mnt/e/TastyFrames/3-ingredient-pancakes,00448,/mnt/e/TastyFrames/3-ingredient-pancakes/frames/00448.jpg
365,1,365,Serve with maple_syrup or honey.,/mnt/e/TastyFrames/3-ingredient-pancakes,00591,/mnt/e/TastyFrames/3-ingredient-pancakes/frames/00591.jpg
366,0,372,Put 1 part peanut_butter and 1 part honey in a bowl.,/mnt/e/TastyFrames/3-ingredient-peanut-butter-cereal-bites,00079,/mnt/e/TastyFrames/3-ingredient-peanut-butter-cereal-bites/frames/00079.jpg
367,0,84,Microwave for about a minute.,/mnt/e/TastyFrames/3-ingredient-peanut-butter-cereal-bites,00271,/mnt/e/TastyFrames/3-ingredient-peanut-butter-cereal-bites/frames/00271.jpg
368,0,244,Stir until combined.,/mnt/e/TastyFrames/3-ingredient-peanut-butter-cereal-bites,00416,/mnt/e/TastyFrames/3-ingredient-peanut-butter-cereal-bites/frames/00416.jpg
369,1,369,Add 3-4 parts cereal.,/mnt/e/TastyFrames/3-ingredient-peanut-butter-cereal-bites,00491,/mnt/e/TastyFrames/3-ingredient-peanut-butter-cereal-bites/frames/00491.jpg
370,0,46,Stir.,/mnt/e/TastyFrames/3-ingredient-peanut-butter-cereal-bites,00556,/mnt/e/TastyFrames/3-ingredient-peanut-butter-cereal-bites/frames/00556.jpg
371,0,339,Scoop into bit size pieces and place on wax paper to cool.,/mnt/e/TastyFrames/3-ingredient-peanut-butter-cereal-bites,00703,/mnt/e/TastyFrames/3-ingredient-peanut-butter-cereal-bites/frames/00703.jpg
372,1,372,In a large bowl  mix together the peanut_butter  sugar  and egg.,/mnt/e/TastyFrames/3-ingredient-peanut-butter-cookies,00089,/mnt/e/TastyFrames/3-ingredient-peanut-butter-cookies/frames/00089.jpg
373,0,159,Scoop out a spoonful of dough and roll it into a ball.,/mnt/e/TastyFrames/3-ingredient-peanut-butter-cookies,00328,/mnt/e/TastyFrames/3-ingredient-peanut-butter-cookies/frames/00328.jpg
374,1,374,Place the cookie balls onto a nonstick baking sheet.,/mnt/e/TastyFrames/3-ingredient-peanut-butter-cookies,00501,/mnt/e/TastyFrames/3-ingredient-peanut-butter-cookies/frames/00501.jpg
375,0,377,For extra decoration and to make them cook more evenly  flatten the cookie balls by pressing a fork down on top of them  then press it down again at a 90o angle to make a criss-cross pattern.,/mnt/e/TastyFrames/3-ingredient-peanut-butter-cookies,00696,/mnt/e/TastyFrames/3-ingredient-peanut-butter-cookies/frames/00696.jpg
376,0,377,Bake for 8-10 minutes or until the bottom of the cookies are golden brown.,/mnt/e/TastyFrames/3-ingredient-peanut-butter-cookies,00901,/mnt/e/TastyFrames/3-ingredient-peanut-butter-cookies/frames/00901.jpg
377,0,375,Remove from baking sheet and cool.,/mnt/e/TastyFrames/3-ingredient-peanut-butter-cookies,01006,/mnt/e/TastyFrames/3-ingredient-peanut-butter-cookies/frames/01006.jpg
378,0,372,Stir peanut_butter and powdered_sugar together until smooth.,/mnt/e/TastyFrames/3-ingredient-peanut-butter-cups,00221,/mnt/e/TastyFrames/3-ingredient-peanut-butter-cups/frames/00221.jpg
379,1,379,Spread 1 to 2 tablespoons of chocolate in the bottom of each cupcake liner.,/mnt/e/TastyFrames/3-ingredient-peanut-butter-cups,00381,/mnt/e/TastyFrames/3-ingredient-peanut-butter-cups/frames/00381.jpg
380,0,381,Dollop 1 to 2 teaspoons of the peanut_butter mixture on top of the chocolate.,/mnt/e/TastyFrames/3-ingredient-peanut-butter-cups,00493,/mnt/e/TastyFrames/3-ingredient-peanut-butter-cups/frames/00493.jpg
381,0,379,Cover each dollop of peanut_butter with more chocolate and smooth out the top.,/mnt/e/TastyFrames/3-ingredient-peanut-butter-cups,00581,/mnt/e/TastyFrames/3-ingredient-peanut-butter-cups/frames/00581.jpg
382,1,382,Refrigerate for 1 hour or until chocolate has hardened.,/mnt/e/TastyFrames/3-ingredient-peanut-butter-cups,00631,/mnt/e/TastyFrames/3-ingredient-peanut-butter-cups/frames/00631.jpg
383,0,386,Spread a thin layer of whipped_cream in a square glass baking dish.,/mnt/e/TastyFrames/3-ingredient-strawberry-icebox-cake,00143,/mnt/e/TastyFrames/3-ingredient-strawberry-icebox-cake/frames/00143.jpg
384,0,386,Layer graham_crackers on top  then cover with a layer of whipped_cream.,/mnt/e/TastyFrames/3-ingredient-strawberry-icebox-cake,00218,/mnt/e/TastyFrames/3-ingredient-strawberry-icebox-cake/frames/00218.jpg
385,1,385,Sprinkle 1⁄3 of the strawberries on top  then layer with cream again.,/mnt/e/TastyFrames/3-ingredient-strawberry-icebox-cake,00293,/mnt/e/TastyFrames/3-ingredient-strawberry-icebox-cake/frames/00293.jpg
386,0,139,Repeat steps 2 and 3 until no more ingredients remain.,/mnt/e/TastyFrames/3-ingredient-strawberry-icebox-cake,00401,/mnt/e/TastyFrames/3-ingredient-strawberry-icebox-cake/frames/00401.jpg
387,0,385,(The top layer should be strawberries and should not be covered with cream.),/mnt/e/TastyFrames/3-ingredient-strawberry-icebox-cake,00503,/mnt/e/TastyFrames/3-ingredient-strawberry-icebox-cake/frames/00503.jpg
388,0,278,Refrigerate for at least 3 hours.,/mnt/e/TastyFrames/3-ingredient-strawberry-icebox-cake,00551,/mnt/e/TastyFrames/3-ingredient-strawberry-icebox-cake/frames/00551.jpg
389,1,389,Sear the chicken_thighs evenly in a pan  then flip.,/mnt/e/TastyFrames/3-ingredient-teriyaki-chicken,00263,/mnt/e/TastyFrames/3-ingredient-teriyaki-chicken/frames/00263.jpg
390,0,244,Add the soy_sauce and brown_sugar  stirring and bringing to a boil.,/mnt/e/TastyFrames/3-ingredient-teriyaki-chicken,00418,/mnt/e/TastyFrames/3-ingredient-teriyaki-chicken/frames/00418.jpg
391,0,244,Stir until the sauce has reduced and evenly glazes the chicken.,/mnt/e/TastyFrames/3-ingredient-teriyaki-chicken,00598,/mnt/e/TastyFrames/3-ingredient-teriyaki-chicken/frames/00598.jpg
392,1,392,Serve with rice  if desired!,/mnt/e/TastyFrames/3-ingredient-teriyaki-chicken,00768,/mnt/e/TastyFrames/3-ingredient-teriyaki-chicken/frames/00768.jpg
393,1,393,Slice the skirt steak into roughly 3-inch (7-cm) pieces.,/mnt/e/TastyFrames/3-way-party-fajitas-kebab,00281,/mnt/e/TastyFrames/3-way-party-fajitas-kebab/frames/00281.jpg
394,0,59,Thinly slice the pork_shoulder  then transfer the pieces to a separate medium bowl.,/mnt/e/TastyFrames/3-way-party-fajitas-kebab,00441,/mnt/e/TastyFrames/3-way-party-fajitas-kebab/frames/00441.jpg
395,0,394,Pound the chicken_thighs flat  then slice them in quarters.,/mnt/e/TastyFrames/3-way-party-fajitas-kebab,00593,/mnt/e/TastyFrames/3-way-party-fajitas-kebab/frames/00593.jpg
396,0,328,In a small bowl  combine 2 tablespoons salt  1 tablespoon pepper  paprika  chili_powder  cumin  garlic  and lime_juice.,/mnt/e/TastyFrames/3-way-party-fajitas-kebab,00796,/mnt/e/TastyFrames/3-way-party-fajitas-kebab/frames/00796.jpg
397,0,352,Stir until there are no lumps.,/mnt/e/TastyFrames/3-way-party-fajitas-kebab,00948,/mnt/e/TastyFrames/3-way-party-fajitas-kebab/frames/00948.jpg
398,1,398,Evenly divide the marinade among the 3 bowls of chicken  steak  and pork.,/mnt/e/TastyFrames/3-way-party-fajitas-kebab,01056,/mnt/e/TastyFrames/3-way-party-fajitas-kebab/frames/01056.jpg
399,1,399,Toss the meats until they are evenly coated  then refrigerate for at least 30 minutes.,/mnt/e/TastyFrames/3-way-party-fajitas-kebab,01298,/mnt/e/TastyFrames/3-way-party-fajitas-kebab/frames/01298.jpg
400,1,400,Place 3 onion halves in the middle of the baking sheet  then insert a skewer in each onion  evenly spaced  near the inner edges.,/mnt/e/TastyFrames/3-way-party-fajitas-kebab,01551,/mnt/e/TastyFrames/3-way-party-fajitas-kebab/frames/01551.jpg
401,0,398,Thread a piece of chicken onto one skewer  then a piece of steak onto the second  followed by a piece of pork onto the third.,/mnt/e/TastyFrames/3-way-party-fajitas-kebab,01701,/mnt/e/TastyFrames/3-way-party-fajitas-kebab/frames/01701.jpg
402,0,217,Repeat with the rest of the meat.,/mnt/e/TastyFrames/3-way-party-fajitas-kebab,01793,/mnt/e/TastyFrames/3-way-party-fajitas-kebab/frames/01793.jpg
403,0,400,Secure another onion half onto the tops of the skewers to hold the towers together.,/mnt/e/TastyFrames/3-way-party-fajitas-kebab,01856,/mnt/e/TastyFrames/3-way-party-fajitas-kebab/frames/01856.jpg
404,0,402,Bake for about 11⁄2 hours  until the meat is slightly brown on the edges.,/mnt/e/TastyFrames/3-way-party-fajitas-kebab,01913,/mnt/e/TastyFrames/3-way-party-fajitas-kebab/frames/01913.jpg
405,1,405,On one side of the baking sheet  toss the bell_peppers and sliced onion with the remaining 1⁄2 tablespoon of salt  remaining 1⁄2 tablespoon of pepper  and the oil.,/mnt/e/TastyFrames/3-way-party-fajitas-kebab,02171,/mnt/e/TastyFrames/3-way-party-fajitas-kebab/frames/02171.jpg
406,0,106,On the other side of the baking sheet  spread out the tortillas.,/mnt/e/TastyFrames/3-way-party-fajitas-kebab,02353,/mnt/e/TastyFrames/3-way-party-fajitas-kebab/frames/02353.jpg
407,0,52,Cover the tortilla side with foil.,/mnt/e/TastyFrames/3-way-party-fajitas-kebab,02441,/mnt/e/TastyFrames/3-way-party-fajitas-kebab/frames/02441.jpg
408,0,405,Bake for 15 minutes  until the edges of the meat and the vegetables are slightly charred.,/mnt/e/TastyFrames/3-way-party-fajitas-kebab,02503,/mnt/e/TastyFrames/3-way-party-fajitas-kebab/frames/02503.jpg
409,1,409,Place the loaves of bread cut-side up on the prepared baking sheet.,/mnt/e/TastyFrames/30-minute-pizza-party-boats,00131,/mnt/e/TastyFrames/30-minute-pizza-party-boats/frames/00131.jpg
410,0,328,In a small bowl  combine the the olive_oil  garlic_powder  salt  and pepper.,/mnt/e/TastyFrames/30-minute-pizza-party-boats,00268,/mnt/e/TastyFrames/30-minute-pizza-party-boats/frames/00268.jpg
411,0,266,Brush over the bread.,/mnt/e/TastyFrames/30-minute-pizza-party-boats,00433,/mnt/e/TastyFrames/30-minute-pizza-party-boats/frames/00433.jpg
412,0,75,Bake for 10 minutes  or until the bread is golden brown and dried out.,/mnt/e/TastyFrames/30-minute-pizza-party-boats,00523,/mnt/e/TastyFrames/30-minute-pizza-party-boats/frames/00523.jpg
413,1,413,For Meat Lovers pizza  add marinara_sauce  mozzarella  mozzarella  pepperoni  sausage  ham  and bacon.,/mnt/e/TastyFrames/30-minute-pizza-party-boats,00768,/mnt/e/TastyFrames/30-minute-pizza-party-boats/frames/00768.jpg
414,1,414,For Alfredo Veggie pizza  add alfredo_sauce  spinach  artichokes  mushrooms  Parmesan  and sun-dried_tomatoes.,/mnt/e/TastyFrames/30-minute-pizza-party-boats,01151,/mnt/e/TastyFrames/30-minute-pizza-party-boats/frames/01151.jpg
415,0,391,For Barbecue Chicken Pizza  add barbecue_sauce  chicken  pepper Jack  bell_pepper  and red_onion.,/mnt/e/TastyFrames/30-minute-pizza-party-boats,01483,/mnt/e/TastyFrames/30-minute-pizza-party-boats/frames/01483.jpg
416,1,416,For Prosciutto Pesto Pizza  add pesto  prosciutto  roasted red_pepper  Parmesan  eggs  and pepper.,/mnt/e/TastyFrames/30-minute-pizza-party-boats,01848,/mnt/e/TastyFrames/30-minute-pizza-party-boats/frames/01848.jpg
417,0,74,Bake the pizza party boats for 15 minutes  or until the ingredients are heated through and the cheese is fully melted.,/mnt/e/TastyFrames/30-minute-pizza-party-boats,02093,/mnt/e/TastyFrames/30-minute-pizza-party-boats/frames/02093.jpg
418,0,252,Slice and serve!,/mnt/e/TastyFrames/30-minute-pizza-party-boats,02176,/mnt/e/TastyFrames/30-minute-pizza-party-boats/frames/02176.jpg
419,0,420,In a pot over medium heat  add the olive_oil  onion  garlic  and tomato_paste.,/mnt/e/TastyFrames/30-minute-tomato-sauce,00097,/mnt/e/TastyFrames/30-minute-tomato-sauce/frames/00097.jpg
420,1,420,Cook for 5-7 minutes or until the tomato_paste has caramelized.,/mnt/e/TastyFrames/30-minute-tomato-sauce,00243,/mnt/e/TastyFrames/30-minute-tomato-sauce/frames/00243.jpg
421,1,421,Add the canned tomatoes  dried_oregano  and dried_basil.,/mnt/e/TastyFrames/30-minute-tomato-sauce,00391,/mnt/e/TastyFrames/30-minute-tomato-sauce/frames/00391.jpg
422,0,244,Reduce heat to a simmer and cook for 15-20 minutes or until the desired thickness.,/mnt/e/TastyFrames/30-minute-tomato-sauce,00516,/mnt/e/TastyFrames/30-minute-tomato-sauce/frames/00516.jpg
423,0,60,Add salt and pepper to taste.,/mnt/e/TastyFrames/30-minute-tomato-sauce,00613,/mnt/e/TastyFrames/30-minute-tomato-sauce/frames/00613.jpg
424,1,424,In a large bowl  mix together the graham cracker crumbs  sugar  and melted butter until combined.,/mnt/e/TastyFrames/4-flavor-cheesecake,00188,/mnt/e/TastyFrames/4-flavor-cheesecake/frames/00188.jpg
425,0,426,Pour the crust mixture into a 9-inch (23 cm) springform cake pan.,/mnt/e/TastyFrames/4-flavor-cheesecake,00301,/mnt/e/TastyFrames/4-flavor-cheesecake/frames/00301.jpg
426,0,308,Press crumbs down firmly with the bottom of a small ramekin or glass to form an even base.,/mnt/e/TastyFrames/4-flavor-cheesecake,00381,/mnt/e/TastyFrames/4-flavor-cheesecake/frames/00381.jpg
427,1,427,Carefully break the remaining graham_crackers in half  so that you have 8 squares.,/mnt/e/TastyFrames/4-flavor-cheesecake,00466,/mnt/e/TastyFrames/4-flavor-cheesecake/frames/00466.jpg
428,0,427,Push the graham_crackers into the crust with the split line facing upwards to form an X shape  dividing the crust into four equal sections.,/mnt/e/TastyFrames/4-flavor-cheesecake,00543,/mnt/e/TastyFrames/4-flavor-cheesecake/frames/00543.jpg
429,0,428,Press down on the crust one more time to ensure the graham_crackers are secure.,/mnt/e/TastyFrames/4-flavor-cheesecake,00636,/mnt/e/TastyFrames/4-flavor-cheesecake/frames/00636.jpg
430,0,72,Cover and chill in the freezer for at least 10 minutes while preparing the fillings.,/mnt/e/TastyFrames/4-flavor-cheesecake,00696,/mnt/e/TastyFrames/4-flavor-cheesecake/frames/00696.jpg
431,0,187,In a small bowl  dissolve the gelatin in the water.,/mnt/e/TastyFrames/4-flavor-cheesecake,00763,/mnt/e/TastyFrames/4-flavor-cheesecake/frames/00763.jpg
432,0,115,Set aside to bloom.,/mnt/e/TastyFrames/4-flavor-cheesecake,00831,/mnt/e/TastyFrames/4-flavor-cheesecake/frames/00831.jpg
433,1,433,In a large bowl  beat together the cream_cheese and sugar until smooth.,/mnt/e/TastyFrames/4-flavor-cheesecake,00961,/mnt/e/TastyFrames/4-flavor-cheesecake/frames/00961.jpg
434,0,7,Add 21⁄2 cups (720 ml) whipping_cream and beat until the batter is light and fluffy.,/mnt/e/TastyFrames/4-flavor-cheesecake,01151,/mnt/e/TastyFrames/4-flavor-cheesecake/frames/01151.jpg
435,0,368,Warm the gelatin in the microwave for about 15 seconds so that it’s fluid  and incorporate into the batter.,/mnt/e/TastyFrames/4-flavor-cheesecake,01301,/mnt/e/TastyFrames/4-flavor-cheesecake/frames/01301.jpg
436,0,300,Divide the cheesecake batter evenly between 4 medium bowls.,/mnt/e/TastyFrames/4-flavor-cheesecake,01383,/mnt/e/TastyFrames/4-flavor-cheesecake/frames/01383.jpg
437,0,141,In the first bowl  whisk in the vanilla_extract and remaining whipping_cream.,/mnt/e/TastyFrames/4-flavor-cheesecake,01476,/mnt/e/TastyFrames/4-flavor-cheesecake/frames/01476.jpg
438,1,438,In the second bowl  whisk in 1⁄3 cup (80 grams) lemon_curd.,/mnt/e/TastyFrames/4-flavor-cheesecake,01606,/mnt/e/TastyFrames/4-flavor-cheesecake/frames/01606.jpg
439,0,373,In the third bowl  whisk in the dulce_de_leche.,/mnt/e/TastyFrames/4-flavor-cheesecake,01713,/mnt/e/TastyFrames/4-flavor-cheesecake/frames/01713.jpg
440,0,141,In the fourth bowl  whisk in the chocolate_hazelnut_spread.,/mnt/e/TastyFrames/4-flavor-cheesecake,01876,/mnt/e/TastyFrames/4-flavor-cheesecake/frames/01876.jpg
441,0,8,To assemble the cheesecake  slowly pour the contents of bowl #1 into a quarter of the pan.,/mnt/e/TastyFrames/4-flavor-cheesecake,02073,/mnt/e/TastyFrames/4-flavor-cheesecake/frames/02073.jpg
442,0,21,Repeat with remaining flavors.,/mnt/e/TastyFrames/4-flavor-cheesecake,02186,/mnt/e/TastyFrames/4-flavor-cheesecake/frames/02186.jpg
443,1,443,Carefully dollop the raspberry jam in small circles on top of the vanilla cheesecake.,/mnt/e/TastyFrames/4-flavor-cheesecake,02266,/mnt/e/TastyFrames/4-flavor-cheesecake/frames/02266.jpg
444,0,316,Use a toothpick or knife to carefully swirl it into the filling.,/mnt/e/TastyFrames/4-flavor-cheesecake,02376,/mnt/e/TastyFrames/4-flavor-cheesecake/frames/02376.jpg
445,0,206,Garnish the outer border with fresh_raspberries.,/mnt/e/TastyFrames/4-flavor-cheesecake,02451,/mnt/e/TastyFrames/4-flavor-cheesecake/frames/02451.jpg
446,1,446,Garnish the outer border of the chocolate hazelnut cheesecake with the chocolate hazelnut truffles.,/mnt/e/TastyFrames/4-flavor-cheesecake,02498,/mnt/e/TastyFrames/4-flavor-cheesecake/frames/02498.jpg
447,1,447,Garnish the outer border of the dulce_de_leche cheesecake with the chopped pecans and drizzle with dulce_de_leche,/mnt/e/TastyFrames/4-flavor-cheesecake,02588,/mnt/e/TastyFrames/4-flavor-cheesecake/frames/02588.jpg
448,0,438,Pour the remaining lemon_curd on top of the lemon cheesecake and smooth with an offset spatula or spoon.,/mnt/e/TastyFrames/4-flavor-cheesecake,02723,/mnt/e/TastyFrames/4-flavor-cheesecake/frames/02723.jpg
449,0,178,Garnish the outer border with candied lemon_slices.,/mnt/e/TastyFrames/4-flavor-cheesecake,02806,/mnt/e/TastyFrames/4-flavor-cheesecake/frames/02806.jpg
450,0,425,Cover the top of the pan tightly with plastic wrap and chill for 4 hours or overnight in the fridge before slicing and serving.,/mnt/e/TastyFrames/4-flavor-cheesecake,02851,/mnt/e/TastyFrames/4-flavor-cheesecake/frames/02851.jpg